"Number.x","Player","Weight_-0.1","Number.y","Weight_-0.2","Number.x.x","Weight_-0.3","Number.y.y","Weight_-0.4","Number.x.x.x","Weight_-0.5","Number.y.y.y","Weight_-0.6","Number.x.x.x.x","Weight_-0.7","Number.y.y.y.y","Weight_-0.8","Number.x.x.x.x.x","Weight_-0.9","Number.y.y.y.y.y","Weight_-1.0"
1,"Precious Achiuwa",241,1,238,1,235,1,230,1,224,1,219,1,212,1,208,1,203,1,199
2,"Steven Adams",205,2,218,2,218,2,224,2,231,2,235,2,243,2,249,2,254,2,258
3,"Bam Adebayo",26.5,3,22,3,21,3,23,3,21,3,22,3,22,3,21,3,23,3,23
4,"Ochai Agbaji",271,4,269,4,263,4,260,4,252,4,245,4,239,4,231,4,227,4,220
5,"Santi Aldama",157,5,151,5,146,5,140,5,133,5,125,5,120,5,117,5,111,5,107
6,"Nickeil Alexander-Walker",283,6,287,6,281,6,278,6,278,6,274,6,267,6,267,6,264,6,262
7,"Grayson Allen",159,7,162,7,164,7,166,7,165,7,169,7,172,7,173,7,175,7,177
8,"Jarrett Allen",59,8,60,8,57,8,57,8,52,8,50,8,49,8,52,8,52,8,51
9,"Jose Alvarado",218,9,214,9,210,9,204.5,9,200,9,198,9,197,9,197,9,195,9,193
10,"Kyle Anderson",110,10,112,10,118,10,122,10,125,10,130,10,130,10,142,10,149,10,155
11,"Giannis Antetokounmpo",7,11,7,11,8,11,10,11,10,11,10,11,13,11,15,11,17,11,19
12,"Thanasis Antetokounmpo",453,12,460,12,467,12,471,12,476,12,481,12,491,12,495,12,498,12,502
13,"Cole Anthony",147,13,142,13,133,13,127,13,121,13,119,13,115,13,109,13,102,13,97
14,"OG Anunoby",64,14,65,14,64.5,14,62,14,64,14,64,14,63,14,64,14,65,14,69
15,"Ryan Arcidiacono",484,15,485,15,487,15,492,15,498,15,500,15,503,15,505,15,506,15,507
16,"Deni Avdija",131,16,128,16,123,16,117,16,113,16,106,16,101,16,93,16,89,16,79
17,"Deandre Ayton",55,17,55,17,54,17,53,17,50,17,48,17,46,17,48,17,49,17,48
18,"Udoka Azubuike",394.5,18,389,18,384,18,380,18,376,18,373,18,370,18,365,18,362,18,360
19,"Marvin Bagley III",245,19,242,19,239,19,234.5,19,226,19,221,19,216,19,211,19,207,19,201
20,"Patrick Baldwin Jr.",428,20,423,20,411,20,403,20,392.5,20,387,20,379,20,371,20,364,20,357
21,"LaMelo Ball",60,21,54,21,50,21,46,21,42,21,38,21,38,21,33,21,28,21,26
22,"Mo Bamba",287,22,289,22,286,22,284,22,280,22,277,22,273,22,269,22,265,22,267
23,"Paolo Banchero",62,23,58,23,51,23,45,23,40,23,37,23,34,23,28,23,24,23,22
24,"Desmond Bane",57,24,57,24,56,24,56,24,51,24,49,24,47,24,50,24,51,24,50
25,"Dalano Banton",402,25,400,25,394.5,25,391,25,388,25,384,25,381,25,380,25,375,25,374
26,"Dominick Barlow",381,26,367,26,357,26,350,26,340,26,333,26,322,26,314,26,304,26,288
27,"Harrison Barnes",104,27,110,27,116,27,120,27,126,27,132,27,139.5,27,149,27,156,27,161
28,"Scottie Barnes",42,28,39,28,35,28,30,28,25,28,20,28,17.5,28,16,28,15,28,13
29,"RJ Barrett",96,29,92,29,84.5,29,83,29,75,29,73,29,68,29,63,29,60,29,59
30,"Will Barton",299,30,310,30,322,30,331,30,336,30,346,30,356,30,368,30,381,30,383
31,"Charles Bassey",327,31,320,31,313,31,305,31,305,31,299,31,292,31,285,31,277,31,274
32,"Keita Bates-Diop",197,32,199,32,204,32,207,32,210,32,212,32,217,32,220,32,221,32,226
33,"Nicolas Batum",187,33,201,33,219,33,238,33,250,33,262,33,278,33,290,33,306,33,316
34,"Darius Bazley",337,34,329,34,325,34,320,34,312,34,308,34,304,34,296,34,289,34,283
35,"Bradley Beal",75,35,79,35,84.5,35,89.5,35,95,35,101,35,107,35,113,35,114,35,122
36,"Malik Beasley",132,36,133,36,135,36,135,36,137,36,134,36,131,36,136,36,137,36,139
37,"MarJon Beauchamp",346,37,340,37,334,37,329,37,326,37,323,37,317,37,312,37,303,37,295
38,"D?vis Bert?ns",383,38,390,38,393,38,399,38,407,38,409,38,417,38,421,38,427,38,433
39,"Patrick Beverley",200,39,222,39,237,39,250,39,265,39,276,39,290,39,305,39,319,39,325
40,"Saddiq Bey",115,40,113,40,110,40,103,40,102,40,99,40,94,40,87.5,40,82,40,78
41,"Khem Birch",474,41,477,41,483,41,489,41,500,41,505,41,507,41,511,41,515,41,513
42,"Goga Bitadze",355,42,351,42,349,42,342,42,337,42,334,42,335,42,330,42,327,42,322
43,"Bismack Biyombo",274,43,282.5,43,294,43,298,43,304,43,309,43,319,43,324,43,330,43,333
44,"Buddy Boeheim",510,44,510,44,508,44,506,44,504,44,499,44,498,44,492,44,486,44,481.5
45,"Bogdan Bogdanovi?",179,45,182,45,189,45,194.5,45,207,45,216,45,225,45,234,45,244,45,249
46,"Bojan Bogdanovi?",128,46,137,46,150,46,161,46,176,46,182,46,194.5,46,207,46,222.5,46,236
47,"Bol Bol",174,47,171,47,168,47,162,47,159,47,158,47,152,47,145,47,139,47,132
48,"Leandro Bolmaro",513,48,512,48,509,48,505,48,501,48,495,48,492,48,484,48,482,48,474
49,"Devin Booker",41,49,41,49,42,49,40,49,38,49,39,49,41,49,43,49,44.5,49,46
50,"Brandon Boston Jr.",426,50,424,50,415,50,409,50,398,50,394,50,387,50,382,50,377,50,371
51,"Chris Boucher",173,51,176,51,181,51,189,51,191.5,51,204,51,213,51,224,51,232,51,240
52,"James Bouknight",393,52,387,52,380,52,375,52,366,52,363,52,355,52,351,52,347,52,342
53,"Jamaree Bouyea",481,53,473,53,472,53,468,53,467,53,457,53,455,53,449,53,441,53,439
54,"Tony Bradley",507,54,511,54,512,54,509,54,509,54,509,54,508,54,507,54,504,54,503
55,"Malaki Branham",210,55,195,55,185,55,178,55,166,55,161,55,148,55,131,55,126,55,119
56,"Jarrell Brantley",477,56,474,56,474,56,476,56,477,56,474.5,56,475,56,476,56,479,56,478
57,"Christian Braun",253,57,247,57,236,57,225,57,218,57,207,57,200,57,193,57,185,57,178
58,"Mikal Bridges",31,58,29,58,28,58,26,58,27,58,28,58,28,58,30,58,31,58,31
59,"Oshae Brissett",279,59,276,59,274,59,272,59,268,59,265,59,262,59,262,59,257,59,255
60,"Malcolm Brogdon",120,60,129,60,132,60,142,60,147,60,160,60,166,60,172,60,176,60,184
61,"Dillon Brooks",134,61,138.5,61,139,61,143,61,145,61,146,61,151,61,153,61,154,61,157
62,"Bruce Brown",91,62,93,62,94,62,94,62,94,62,96,62,96,62,96,62,95,62,95
63,"Greg Brown III",489,63,479,63,476,63,472,63,466,63,455,63,450,63,441,63,434,63,427
64,"Jaylen Brown",29,64,28,64,26,64,25,64,26,64,27,64,27,64,29,64,30,64,30
65,"Kendall Brown",499,65,493,65,481,65,475,65,469,65,454,65,444,65,431.5,65,424,65,416
66,"Moses Brown",398,66,394.5,66,388,66,383,66,380,66,378,66,376,66,370,66,370,66,367
67,"Sterling Brown",517.5,67,518,67,520,67,523,67,524,67,523,67,523,67,522,67,521,67,522
68,"Troy Brown Jr.",180,68,175,68,172.5,68,171,68,164,68,164,68,161,68,156.5,68,152,68,144
69,"Jalen Brunson",34,69,35,69,32,69,32,69,32,69,32,69,32,69,32,69,34,69,34
70,"Thomas Bryant",228,70,227,70,225,70,222,70,222,70,223,70,221,70,219,70,219,70,217
71,"Reggie Bullock",177,71,183,71,191,71,204.5,71,215,71,227,71,235,71,245,71,253,71,259
72,"Alec Burks",242,72,252,72,259.5,72,269,72,279,72,287,72,296,72,306,72,312,72,319
73,"Deonte Burton",538,73,539,73,539,73,539,73,538,73,538,73,538,73,538,73,537,73,537
74,"Jared Butler",454,74,452,74,444,74,434,74,434,74,427,74,419,74,416,74,413,74,408
75,"Jimmy Butler",32,75,38,75,39,75,42,75,48,75,58,75,71,75,79,75,87.5,75,98
76,"John Butler",449.5,76,442,76,434,76,428,76,416,76,407,76,402,76,393.5,76,386,76,380
77,"Jamal Cain",418,77,414.5,77,410,77,407,77,403,77,398,77,395.5,77,388,77,387,77,382
78,"Kentavious Caldwell-Pope",116,78,120,78,125,78,129,78,136,78,140,78,149,78,156.5,78,158,78,164
79,"Facundo Campazzo",508,79,516,79,523,79,527,79,529,79,532,79,531,79,534,79,533,79,532
80,"Vlatko ?an?ar",301,80,300,80,300,80,300,80,299,80,301,80,298,80,299,80,295,80,291
81,"Clint Capela",95,81,102,81,105,81,106.5,81,111,81,114,81,117,81,120,81,124,81,125
82,"Vernon Carey Jr.",511,82,508,82,504,82,500,82,490,82,487,82,476,82,468,82,462,82,448
83,"Jevon Carter",163,83,167,83,167,83,169,83,170,83,172,83,175,83,176,83,178,83,181
84,"Wendell Carter Jr.",129,84,124,84,119,84,116,84,114,84,110,84,103,84,101,84,94,84,90
85,"Michael Carter-Williams",494,85,505,85,511,85,514,85,520,85,524,85,524,85,527,85,528,85,529
86,"Alex Caruso",183,86,188,86,190,86,193,86,203,86,208,86,210,86,218,86,222.5,86,227
87,"Julian Champagnie",373,87,362,87,355,87,353,87,343,87,338,87,334,87,326,87,321,87,312
88,"Justin Champagnie",506,88,502,88,494,88,488,88,483.5,88,477,88,470,88,464,88,454,88,444
89,"Kennedy Chandler",414,89,404.5,89,394.5,89,384,89,378,89,371,89,362,89,353,89,345,89,336
90,"Max Christie",389,90,378,90,364,90,358,90,347,90,336,90,330,90,322,90,309,90,299
91,"Josh Christopher",298,91,293,91,285,91,275,91,267,91,259,91,256,91,248,91,239,91,233
92,"Brandon Clarke",213,92,215.5,92,215,92,213,92,213,92,213,92,214,92,215,92,218,92,218
93,"Jordan Clarkson",114,93,122,93,128,93,134,93,142,93,151,93,158,93,165,93,169,93,174
94,"Nic Claxton",37,94,33,94,25,94,24,94,20,94,19,94,17.5,94,18,94,19,94,18
95,"Amir Coffey",377,95,376,95,375,95,376,95,375,95,374,95,375,95,373,95,372,95,375
96,"John Collins",111,96,111,96,111,96,110,96,108,96,109,96,108,96,104,96,105,96,102
97,"Zach Collins",152,97,153,97,153,97,150,97,150,97,152,97,150,97,147,97,147,97,146
98,"Chance Comanche",462,98,461,98,463,98,462,98,460,98,461,98,460,98,461,98,457,98,459
99,"Mike Conley",112,99,127,99,140.5,99,157,99,172,99,184,99,199,99,216,99,235,99,250
100,"Pat Connaughton",250,100,254,100,259.5,100,267,100,274,100,284,100,289,100,297,100,305,100,310
101,"Xavier Cooks",457,101,459,101,462,101,461,101,463,101,466,101,464,101,466,101,468,101,469
102,"Robert Covington",304,102,317,102,328,102,335,102,342,102,351,102,361,102,376,102,384,102,392
103,"Torrey Craig",162,103,172,103,179,103,187,103,194,103,211,103,223,103,236,103,248,103,257
104,"Jae Crowder",385,104,393,104,400,104,410,104,418,104,429,104,435,104,444,104,449,104,457
105,"Jarrett Culver",459,105,454,105,453,105,448,105,442,105,439,105,434,105,427,105,422,105,419
106,"Cade Cunningham",224,106,215.5,106,197,106,191,106,184,106,181,106,176,106,170,106,161,106,153
107,"Seth Curry",269,107,273,107,283.5,107,297,107,306,107,317,107,324,107,334,107,337,107,353
108,"Stephen Curry",15,108,19,108,23.5,108,33,108,37,108,42,108,54,108,66,108,75.5,108,83
109,"Dyson Daniels",281,109,270,109,257,109,249,109,235.5,109,226,109,209,109,202,109,191,109,180
110,"Anthony Davis",9,110,12,110,12,110,13,110,15,110,16,110,20,110,23,110,27,110,29
111,"Johnny Davis",397,111,388,111,378,111,369,111,359,111,352,111,343,111,337,111,329,111,321
112,"Terence Davis",277,112,275,112,275,112,273,112,272,112,273,112,266,112,268,112,267,112,270
113,"JD Davison",492,113,483,113,477,113,470,113,461,113,452,113,443,113,435,113,426,113,418
114,"Darius Days",498,114,495,114,492,114,487,114,486,114,482,114,478,114,475,114,470,114,463
115,"Dewayne Dedmon",386,115,396,115,407,115,417,115,428,115,437,115,445,115,453,115,465,115,477
116,"Matthew Dellavedova",460,116,470,116,475,116,485,116,495,116,504,116,509,116,517.5,116,518,116,519
117,"DeMar DeRozan",23,117,30.5,117,36,117,39,117,44,117,51.5,117,58,117,75,117,78,117,89
118,"Moussa Diabaté",446,118,440,118,433,118,429,118,421,118,410,118,404,118,401,118,391,118,386
119,"Mamadi Diakite",465,119,465,119,464,119,463,119,464,119,462,119,461,119,463,119,461,119,461
120,"Hamidou Diallo",267,120,258,120,255,120,255,120,251,120,248,120,247,120,243,120,241,120,239
121,"Gorgui Dieng",410,121,422,121,430,121,438,121,448,121,456,121,469,121,478,121,487,121,495
122,"Ousmane Dieng",359,122,350,122,340,122,333,122,324,122,313,122,305,122,292,122,278,122,271
123,"Spencer Dinwiddie",44,123,46,123,47,123,51,123,55,123,59,123,66,123,73,123,73,123,76
124,"Donte DiVincenzo",137,124,140,124,138,124,139,124,140,124,137,124,139.5,124,141,124,142,124,143
125,"Luka Don?i?",2,125,2,125,2,125,2,125,1,125,1,125,1,125,1,125,1,125,1
126,"Tyler Dorsey",521,126,522,126,525.5,126,524,126,525,126,522,126,522,126,521,126,520,126,518
127,"Luguentz Dort",125,127,117,127,117,127,114,127,107,127,103,127,100,127,97,127,92,127,86
128,"Ayo Dosunmu",151,128,144,128,140.5,128,136.5,128,130,128,124,128,122,128,121,128,117,128,116
129,"Devon Dotson",500,129,498,129,495,129,494,129,489,129,488,129,482,129,477,129,473,129,467
130,"Jeff Dowtin",443,130,444,130,443,130,444,130,439,130,440,130,438,130,431.5,130,432,130,431
131,"PJ Dozier",495,131,497,131,499,131,502,131,502,131,501,131,502,131,502.5,131,500,131,498
132,"Goran Dragi?",325,132,337,132,353,132,365,132,383,132,400,132,411,132,424,132,439,132,447
133,"Andre Drummond",256,133,260,133,266,133,270,133,275,133,283,133,285,133,291,133,297,133,302
134,"Chris Duarte",322,134,323,134,321,134,321,134,318,134,321,134,320,134,318,134,317,134,314
135,"David Duke Jr.",452,135,450,135,448,135,439,135,437,135,432,135,426,135,420,135,417,135,415
136,"Kris Dunn",230,136,233,136,243,136,244,136,245,136,250,136,257,136,256,136,261,136,266
137,"Kevin Durant",28,137,37,137,40,137,44,137,53,137,62.5,137,78,137,84,137,98,137,111
138,"Jalen Duren",138,138,130,138,121,138,111,138,101,138,90,138,81,138,76,138,70,138,62
139,"Tari Eason",127,139,119,139,113,139,105,139,100,139,93,139,85,139,80,139,74,139,72
140,"Anthony Edwards",8,140,8,140,7,140,7,140,6.5,140,6,140,6,140,5,140,5,140,5
141,"Kessler Edwards",408,141,401,141,398,141,392.5,141,385,141,381,141,377,141,372,141,369,141,364
142,"Keon Ellis",493,142,490,142,485,142,482,142,479,142,473,142,471,142,467,142,460,142,451
143,"Joel Embiid",3,143,3,143,3,143,3,143,5,143,5,143,5,143,6,143,6,143,7
144,"Drew Eubanks",153,144,155,144,155,144,152,144,153,144,153,144,153,144,150,144,150,144,149.5
145,"Bruno Fernando",364,145,360,145,358,145,359,145,356,145,353,145,348,145,348,145,348,145,346
146,"Dorian Finney-Smith",191,146,196,146,200.5,146,211,146,217,146,225,146,228,146,237,146,245,146,247
147,"Malachi Flynn",343,147,342,147,338,147,336,147,333,147,331,147,329,147,327,147,326,147,324
148,"Simone Fontecchio",344,148,345,148,347,148,347,148,350,148,350,148,351,148,355,148,360,148,366
149,"Bryn Forbes",458,149,464,149,468,149,473,149,474,149,478,149,483,149,489,149,491,149,493.5
150,"Trent Forrest",445,150,443,150,441,150,437,150,436,150,434,150,429,150,425,150,421,150,421
151,"Michael Foster Jr.",536,151,535,151,532,151,530,151,527,151,519,151,515,151,508,151,502,151,492
152,"Evan Fournier",406,152,413,152,420,152,425,152,433,152,438,152,442,152,448,152,450,152,453
153,"De'Aaron Fox",17,153,14,153,13,153,12,153,13,153,13,153,15,153,14,153,14,153,16
154,"Markelle Fultz",101,154,101,154,98,154,93,154,91,154,88,154,86,154,81,154,79,154,77
155,"Wenyen Gabriel",264,155,259,155,256,155,259,155,258,155,256,155,255,155,253,155,252,155,252
156,"Daniel Gafford",133,156,132,156,129,156,126,156,123,156,121,156,119,156,116,156,115,156,115
157,"Darius Garland",35.5,157,30.5,157,22,157,22,157,19,157,17,157,16,157,17,157,18,157,17
158,"Usman Garuba",251.5,158,240.5,158,230,158,216,158,206,158,196,158,186,158,179,158,174,158,165
159,"Luka Garza",412,159,408,159,408,159,404,159,402,159,399,159,397,159,395,159,390,159,390
160,"Rudy Gay",340,160,353,160,368,160,382,160,399,160,411,160,427,160,440,160,452,160,470
161,"Paul George",48,161,53,161,63,161,69,161,84,161,89,161,98.5,161,110,161,118,161,124
162,"Taj Gibson",391,162,406,162,424,162,435,162,453,162,470,162,484,162,501,162,512,162,515
163,"Josh Giddey",38,163,36,163,23.5,163,20,163,16,163,15,163,11,163,11,163,11,163,11
164,"Shai Gilgeous-Alexander",5,164,5,164,5,164,5,164,4,164,4,164,4,164,4,164,4,164,4
165,"Anthony Gill",351,165,358,165,363,165,373,165,379,165,386,165,390,165,398,165,403.5,165,410
166,"Jacob Gilyard",311.5,166,304,166,301,166,301,166,298,166,296,166,293,166,289,166,286,166,285
167,"Rudy Gobert",72,167,76,167,87,167,91,167,99,167,105,167,113,167,115,167,125,167,128
168,"Jordan Goodwin",232,168,230,168,226,168,220,168,219,168,214,168,211,168,209,168,209,168,205
169,"Aaron Gordon",77,169,72.5,169,78,169,84,169,87,169,87,169,88,169,91,169,93,169,94
170,"Eric Gordon",178,170,189,170,207,170,221,170,238,170,252,170,263,170,274,170,292,170,304
171,"Devonte' Graham",223,171,223,171,223,171,226,171,230,171,229,171,232,171,238,171,240,171,241
172,"Jerami Grant",81,172,84,172,90,172,92,172,96,172,100,172,102,172,106,172,110,172,117
173,"RaiQuan Gray",244,173,240.5,173,238,173,233,173,225,173,220,173,215,173,210,173,205,173,200
174,"A.J. Green",407,174,403,174,399,174,397,174,390,174,388,174,386,174,383,174,380,174,376
175,"Danny Green",470,175,480,175,493,175,508,175,517,175,525,175,528,175,530,175,532,175,534
176,"Draymond Green",83,176,95,176,104,176,115,176,120,176,128,176,135.5,176,151.5,176,162,176,171
177,"Jalen Green",56,177,51,177,45,177,41,177,36,177,36,177,29,177,24,177,21,177,20
178,"JaMychal Green",300,178,313,178,323,178,332,178,338,178,348,178,357,178,369,178,382,178,387
179,"Javonte Green",367,179,374,179,377,179,381,179,387,179,393,179,398,179,402,179,408,179,411
180,"Jeff Green",308,180,325,180,337,180,352,180,364,180,383,180,400,180,412,180,423,180,435
181,"Josh Green",229,181,224,181,216,181,208,181,198,181,192,181,189,181,181,181,179,181,173
182,"AJ Griffin",203,182,191,182,180,182,175,182,163,182,156,182,143,182,129,182,121,182,114
183,"Blake Griffin",366,183,381,183,389.5,183,398,183,411,183,420.5,183,430,183,438,183,445,183,454
184,"Quentin Grimes",141,184,135,184,130,184,125,184,118,184,116,184,111,184,103,184,97,184,92
185,"Rui Hachimura",212,185,207,185,202,185,197,185,193,185,194,185,192,185,191,185,189,185,190
186,"Tyrese Haliburton",13,186,10,186,10,186,8,186,8,186,8,186,8,186,7,186,7,186,6
187,"Jordan Hall",497,187,494,187,486,187,480,187,475,187,469,187,459,187,450,187,442,187,437
188,"R.J. Hampton",333,188,327,188,318,188,306,188,303,188,295,188,288,188,276,188,272,188,265
189,"Tim Hardaway Jr.",144,189,148,189,157.5,189,163,189,173,189,178,189,181,189,188.5,189,198,189,206
190,"James Harden",21,190,24,190,33,190,37,190,41,190,47,190,56,190,71.5,190,77,190,82
191,"Jaden Hardy",315,191,302,191,296,191,288,191,277,191,269,191,258,191,250,191,242,191,232
192,"Ron Harper Jr.",505,192,504,192,497,192,493,192,488,192,485,192,477,192,473,192,467,192,458
193,"Montrezl Harrell",323,193,328,193,332,193,338,193,341,193,344,193,347,193,354,193,365,193,372
194,"Gary Harris",278,194,281,194,290,194,293,194,295,194,297,194,303,194,307,194,308,194,311
195,"Joe Harris",225,195,231,195,246,195,252,195,262,195,268,195,277,195,284,195,294,195,301
196,"Kevon Harris",403,196,404.5,196,402,196,402,196,401,196,401,196,401,196,397,196,395,196,396
197,"Tobias Harris",79,197,89,197,95,197,101,197,106,197,113,197,118,197,126,197,130,197,138
198,"Shaquille Harrison",303,198,307,198,315,198,323,198,327,198,330,198,337,198,339,198,343,198,352
199,"Josh Hart",85,199,87,199,89,199,89.5,199,92,199,98,199,97,199,100,199,100,199,100
200,"Isaiah Hartenstein",168,200,166,200,162,200,159,200,157,200,155,200,154,200,148,200,145,200,142
201,"Udonis Haslem",517.5,201,531,201,536,201,538,201,539,201,539,201,539,201,539,201,539,201,539
202,"Sam Hauser",209,202,205,202,205.5,202,203,202,202,202,202,202,204,202,203,202,201,202,198
203,"Jaxson Hayes",345,203,338,203,333,203,326,203,325,203,320,203,315,203,310,203,301,203,292
204,"Killian Hayes",100,204,94,204,86,204,79,204,73,204,69,204,60,204,54.5,204,53,204,52
205,"Gordon Hayward",181,205,190,205,198,205,214,205,228,205,238,205,251,205,259,205,269,205,281
206,"Juancho Hernangómez",388,206,391,206,391,206,392.5,206,391,206,396,206,399,206,399,206,402,206,405
207,"Willy Hernangómez",356,207,357,207,359,207,363,207,372,207,375,207,378,207,384,207,385,207,388
208,"Tyler Herro",58,208,56,208,53,208,52,208,47,208,44,208,42,208,44,208,42,208,41
209,"Buddy Hield",53,209,61,209,64.5,209,68,209,78,209,86,209,89,209,98,209,103,209,110
210,"Haywood Highsmith",316,210,318,210,319,210,317,210,316,210,322,210,321,210,323,210,322,210,320
211,"George Hill",342,211,355,211,371,211,386,211,405,211,417,211,432,211,446,211,456,211,475
212,"Malcolm Hill",532,212,533,212,533,212,534,212,534,212,533,212,532,212,532,212,530,212,530
213,"Aaron Holiday",313,213,306,213,306,213,308,213,311,213,311,213,316,213,315,213,316,213,315
214,"Jrue Holiday",40,214,43,214,46,214,54,214,63,214,70,214,80,214,86,214,96,214,105
215,"Justin Holiday",369,215,382,215,392,215,401,215,412,215,422,215,431,215,439,215,447,215,456
216,"Richaun Holmes",404,216,409.5,216,418,216,422,216,427,216,430,216,433,216,433,216,438,216,443
217,"Al Horford",140,217,158,217,172.5,217,184,217,205,217,228,217,245,217,261,217,276,217,290
218,"Talen Horton-Tucker",188,218,180,218,178,218,177,218,169,218,166,218,162,218,155,218,146,218,140
219,"Danuel House Jr.",338,219,343,219,345,219,349,219,355,219,358,219,366,219,374,219,378,219,381
220,"Caleb Houstan",349,220,344,220,335,220,327,220,319,220,310,220,307,220,293,220,281,220,276
221,"Trevor Hudgins",526,221,524,221,524,221,521,221,518,221,515,221,513,221,509,221,507,221,501
222,"Kevin Huerter",78,222,72.5,222,72.5,222,75,222,71,222,71,222,69,222,68,222,71,222,70
223,"Jay Huff",419,223,417,223,414,223,411,223,408,223,404,223,403,223,400,223,398,223,395
224,"De'Andre Hunter",149,224,147,224,145,224,146,224,144,224,141,224,141,224,139,224,136,224,136
225,"Bones Hyland",221.5,225,213,225,199,225,192,225,189,225,185,225,180,225,175,225,170,225,166
226,"Serge Ibaka",471,226,478,226,491,226,503,226,510,226,517,226,521,226,523,226,526,226,527
227,"Andre Iguodala",483,227,499,227,514,227,528,227,533,227,536,227,537,227,537,227,538,227,538
228,"Joe Ingles",296,228,311,228,329,228,340,228,353,228,365,228,382,228,393.5,228,409,228,417
229,"Brandon Ingram",80,229,80,229,77,229,80,229,80,229,79,229,79,229,77,229,75.5,229,73
230,"Kyrie Irving",14,230,15,230,15.5,230,19,230,23,230,26,230,31,230,35,230,39,230,45
231,"Jonathan Isaac",423,231,425,231,421,231,421,231,415,231,415,231,414,231,414,231,414,231,412
232,"Jaden Ivey",98,232,90,232,80.5,232,73,232,65,232,57,232,52,232,49,232,43,232,40
233,"Frank Jackson",534,233,534,233,534,233,533,233,532,233,529,233,526,233,525,233,522,233,521
234,"Isaiah Jackson",216,234,202,234,192,234,185,234,182,234,175,234,168,234,163,234,155,234,148
235,"Jaren Jackson Jr.",43,235,40,235,38,235,35,235,34,235,33,235,30,235,27,235,25,235,25
236,"Justin Jackson",485,236,489,236,490,236,490,236,496,236,497,236,499,236,498.5,236,499,236,499
237,"Quenton Jackson",455,237,453,237,452,237,449,237,443,237,444,237,439,237,430,237,429,237,428
238,"Reggie Jackson",206,238,221,238,232,238,243,238,253,238,261,238,271,238,281,238,293,238,303
239,"LeBron James",18,239,25,239,37,239,43,239,58,239,76,239,90,239,111,239,127,239,147
240,"Ty Jerome",306,240,303,240,302,240,303,240,302,240,304,240,302,240,302,240,300,240,297
241,"Isaiah Joe",192,241,184,241,182,241,180,241,179,241,173,241,169,241,169,241,163,241,159
242,"Alize Johnson",520,242,520,242,522,242,522,242,522,242,521,242,520,242,520,242,519,242,517
243,"Cameron Johnson",182,243,181,243,183,243,183,243,185,243,187,243,187,243,187,243,193,243,195
244,"Jalen Johnson",233,244,228,244,217,244,209,244,196,244,189,244,183,244,177,244,173,244,167
245,"James Johnson",475,245,484,245,498,245,511,245,519,245,526,245,529,245,531,245,534,245,535
246,"Keldon Johnson",90,246,88,246,82,246,81,246,76,246,75,246,72,246,70,246,69,246,68
247,"Keon Johnson",382,247,373,247,361,247,356,247,348,247,339,247,332,247,325,247,318,247,305
248,"Stanley Johnson",368,248,366,248,367,248,367,248,371,248,370,248,374,248,375,248,376,248,377
249,"Nikola Joki?",1,249,1,249,1,249,1,249,2,249,2,249,2,249,2,249,2,249,2
250,"Carlik Jones",501,250,506,250,505,250,504,250,506,250,503,250,500,250,500,250,496,250,493.5
251,"Damian Jones",384,251,384,251,387,251,385,251,389,251,391,251,395.5,251,396,251,397,251,398
252,"Derrick Jones Jr.",282,252,286,252,283.5,252,286,252,283,252,282,252,280,252,273,252,274,252,277
253,"Herbert Jones",143,253,141,253,136,253,133,253,129,253,127,253,126,253,125,253,122.5,253,121
254,"Kai Jones",352,254,348,254,343,254,339,254,334,254,327,254,323,254,320,254,311,254,306
255,"Tre Jones",84,255,78,255,74,255,72,255,69,255,68,255,64,255,58,255,58,255,60
256,"Tyus Jones",107,256,108,256,107,256,104,256,104,256,108,256,110,256,108,256,109,256,109
257,"DeAndre Jordan",353,257,363,257,381,257,390,257,406,257,412,257,423,257,437,257,443,257,455
258,"Cory Joseph",263,258,267,258,276,258,287,258,296,258,305,258,313,258,321,258,328,258,331
259,"Nikola Jovi?",440,259,428,259,423,259,414,259,404,259,392,259,384,259,378,259,366,259,358
260,"Johnny Juzang",447,260,441,260,435,260,431,260,424,260,413,260,406,260,403,260,394,260,389
261,"Mfiondu Kabengele",514.5,261,515,261,515,261,512,261,512,261,513,261,512,261,512,261,510,261,509
262,"Frank Kaminsky",427,262,430,262,436,262,442,262,445,262,446,262,452,262,455,262,458,262,464
263,"Trevor Keels",530,263,527,263,521,263,513,263,508,263,502,263,495,263,483,263,471,263,460
264,"Luke Kennard",238.5,264,244.5,264,247,264,245,264,243,264,243,264,246,264,246,264,247,264,246
265,"Walker Kessler",86,265,74,265,69,265,64,265,62,265,56,265,51,265,46,265,44.5,265,42
266,"Braxton Key",533,266,532,266,531,266,532,266,531,266,528,266,527,266,526,266,525,266,523
267,"Louis King",272,267,272,267,267,267,261,267,259,267,254,267,250,267,247,267,243,267,238
268,"Corey Kispert",169,268,163,268,159,268,153,268,148,268,144,268,138,268,133,268,129,268,126
269,"Maxi Kleber",334,269,341,269,350,269,355,269,361,269,372,269,380,269,387,269,392,269,403
270,"Nathan Knight",415,270,414.5,270,413,270,413,270,410,270,406,270,405,270,405,270,406,270,407
271,"Kevin Knox",286,271,285,271,280,271,274,271,271,271,267,271,261,271,257,271,255,271,251
272,"Christian Koloko",307,272,299,272,297,272,294,272,285,272,279,272,268,272,265,272,260,272,253
273,"John Konchar",208,273,208,273,211.5,273,210,273,208,273,209,273,208,273,212,273,212,273,216
274,"Furkan Korkmaz",416,274,418,274,417,274,415,274,413,274,408,274,408,274,409,274,410,274,409
275,"Luke Kornet",280,275,282.5,275,287,275,290,275,291,275,291,275,294,275,295,275,298,275,300
276,"Vit Krejci",464,276,456,276,454,276,447,276,438,276,436,276,428,276,419,276,416,276,413
277,"Jonathan Kuminga",189,277,177,277,174,277,167,277,158,277,148,277,132,277,127,277,122.5,277,118
278,"Kyle Kuzma",71,278,70,278,72.5,278,78,278,82.5,278,85,278,84,278,83,278,86,278,88
279,"Anthony Lamb",260,279,257,279,254,279,257,279,256,279,253,279,252,279,251,279,249,279,248
280,"Jock Landale",265,280,263,280,265,280,264,280,266,280,271,280,272,280,271,280,275,280,280
281,"Romeo Langford",326,281,321,281,317,281,310,281,310,281,306,281,301,281,298,281,291,281,286
282,"Jake LaRavia",411,282,402,282,397,282,387,282,382,282,376,282,372,282,363,282,357,282,351
283,"Zach LaVine",26.5,283,27,283,29,283,28,283,29,283,31,283,33,283,34,283,35,283,37
284,"A.J. Lawson",482,284,475,284,471,284,466,284,459,284,453,284,449,284,443,284,435,284,430
285,"Damion Lee",231,285,239,285,250,285,254,285,263,285,266,285,275,285,279,285,287,285,294
286,"Saben Lee",390,286,385,286,382,286,377,286,374,286,368,286,364,286,360,286,358,286,355
287,"Alex Len",463,287,469,287,470,287,474,287,478,287,483.5,287,490,287,493,287,494,287,497
288,"Kawhi Leonard",46,288,50,288,58,288,63,288,72,288,80,288,87,288,95,288,104,288,112
289,"Meyers Leonard",480,289,482,289,489,289,497,289,505,289,508,289,511,289,516,289,516,289,516
290,"Caris LeVert",119,290,123,290,124,290,128,290,131,290,133,290,133.5,290,144,290,151,290,152
291,"Kira Lewis Jr.",425,291,420,291,412,291,405,291,396,291,390,291,385,291,381,291,373,291,369.5
292,"Damian Lillard",11,292,13,292,14,292,18,292,24,292,29,292,37,292,40,292,48,292,55
293,"Nassir Little",297,293,294,293,291,293,282,293,273,293,270,293,260,293,255,293,250,293,245
294,"Isaiah Livers",289,294,290,294,289,294,285,294,282,294,278,294,276,294,270,294,268,294,268
295,"Kenneth Lofton Jr.",430,295,426,295,416,295,408,295,394,295,389,295,383,295,377,295,367,295,359
296,"Kevon Looney",105,296,103,296,106,296,102,296,103,296,104,296,106,296,105,296,108,296,106
297,"Brook Lopez",45,297,48,297,61,297,67,297,86,297,96,297,109,297,119,297,128,297,145
298,"Robin Lopez",435,298,448,298,460,298,469,298,481,298,494,298,504,298,514,298,517,298,520
299,"Kevin Love",249,299,262,299,273,299,291,299,300,299,315,299,326,299,338,299,350,299,368
300,"Kyle Lowry",176,300,186,300,213,300,229,300,246,300,263.5,300,281,300,301,300,313,300,327
301,"Trey Lyles",226,301,226,301,229,301,234.5,301,232,301,232,301,237,301,242,301,246,301,244
302,"Théo Maledon",292,302,284,302,277,302,268,302,264,302,255,302,248,302,240,302,231,302,224
303,"Sandro Mamukelashvili",335,303,330,303,327,303,324,303,315,303,316,303,312,303,309,303,302,303,296
304,"Terance Mann",155,304,159,304,160,304,160,304,161,304,162,304,164,304,162,304,165,304,162
305,"Tre Mann",243,305,236,305,227,305,215,305,209,305,200,305,193,305,185,305,180,305,172
306,"Boban Marjanovi?",451,306,466,306,473,306,484,306,499,306,507,306,516.5,306,519,306,523,306,526
307,"Lauri Markkanen",35.5,307,34,307,30,307,27,307,28,307,25,307,24,307,25,307,26,307,27
308,"Naji Marshall",175,308,173,308,171,308,172,308,171,308,168,308,167,308,171,308,167,308,168
309,"Caleb Martin",161,309,164.5,309,165,309,168,309,168,309,171,309,174,309,174,309,177,309,179
310,"Cody Martin",442,310,447,310,450,310,455,310,451,310,450,310,454,310,452,310,455,310,450
311,"Kenyon Martin Jr.",102,311,99,311,92,311,87,311,82.5,311,77,311,74,311,67,311,64,311,65
312,"Tyrese Martin",504,312,503,312,502,312,498,312,493,312,493,312,487,312,482,312,478,312,473
313,"Garrison Mathews",347,313,347,313,348,313,344,313,349,313,347,313,346,313,349,313,351,313,354
314,"Bennedict Mathurin",123.5,314,114,314,108,314,97,314,90,314,84,314,76,314,69,314,61.5,314,56
315,"Wesley Matthews",358,315,375,315,389.5,315,406,315,419,315,435,315,446,315,459,315,475,315,489
316,"Tyrese Maxey",88,316,82,316,76,316,71,316,67,316,62.5,316,57,316,53,316,54,316,53
317,"Skylar Mays",227,317,225,317,221,317,218,317,220,317,217.5,317,218,317,214,317,217,317,215
318,"Miles McBride",320,318,314,318,305,318,302,318,297,318,290,318,283,318,275,318,273,318,269
319,"Mac McClung",370,319,365,319,362,319,361,319,358,319,356,319,352,319,352,319,352,319,350
320,"CJ McCollum",39,320,42,320,44,320,49,320,56,320,61,320,73,320,78,320,80,320,91
321,"T.J. McConnell",145,321,149,321,157.5,321,164,321,174,321,179,321,182,321,188.5,321,199,321,208
322,"Jaden McDaniels",89,322,85,322,79,322,76,322,70,322,67,322,61,322,56,322,55,322,54
323,"Jalen McDaniels",148,323,145,323,144,323,144,323,143,323,139,323,135.5,323,137,323,135,323,134
324,"Doug McDermott",258,324,265,324,271,324,283,324,293,324,300,324,310,324,317,324,325,324,329
325,"JaVale McGee",400,325,411,325,425,325,436,325,450,325,464,325,474,325,491,325,501,325,510
326,"Bryce McGowens",350,326,346,326,336,326,328,326,320,326,312,326,308,326,294,326,283,326,278
327,"Rodney McGruder",396,327,399,327,409,327,416,327,425,327,431,327,437,327,442,327,446,327,449
328,"Jordan McLaughlin",339,328,339,328,339,328,341,328,339,328,341,328,341,328,341,328,340,328,344
329,"De'Anthony Melton",109,329,106,329,103,329,100,329,98,329,96,329,93,329,89,329,85,329,81
330,"Sam Merrill",466,330,467,330,465,330,464,330,465,330,465,330,462,330,465,330,463,330,462
331,"Chimezie Metu",294,331,295,331,295,331,295,331,292,331,289,331,287,331,286,331,282,331,284
332,"Khris Middleton",246,332,253,332,261,332,271,332,281,332,288,332,297,332,308,332,314,332,323
333,"Patty Mills",379,333,394.5,333,406,333,419,333,431,333,441,333,451,333,462,333,472,333,485
334,"Shake Milton",185,334,185,334,186,334,188,334,188,334,188,334,190,334,195,334,196,334,196
335,"Justin Minaya",437,335,433,335,428,335,426,335,422,335,416,335,410,335,410,335,405,335,402
336,"Josh Minott",468,336,458,336,451,336,440,336,435,336,424,336,415,336,407,336,400,336,393
337,"Davion Mitchell",211,337,206,337,200.5,337,196,337,191.5,337,193,337,191,337,190,337,188,337,189
338,"Donovan Mitchell",12,338,11,338,11,338,11,338,11,338,12,338,12,338,13,338,13,338,15
339,"Evan Mobley",30,339,21,339,18,339,14,339,12,339,11,339,10,339,10,339,10,339,9.5
340,"Isaiah Mobley",486,340,481,340,479,340,477,340,473,340,471,340,463,340,458,340,453,340,446
341,"Chima Moneke",537,341,537,341,537,341,536,341,537,341,537,341,536,341,536,341,535,341,533
342,"Malik Monk",126,342,121,342,120,342,119,342,116,342,111,342,112,342,107,342,107,342,101
343,"Moses Moody",305,343,297,343,292.5,343,277,343,269,343,260,343,253,343,244,343,234,343,225
344,"Xavier Moon",523,344,525,344,529,344,531,344,530,344,531,344,530,344,528,344,529,344,528
345,"Wendell Moore Jr.",456,345,451,345,442,345,432,345,429,345,420.5,345,413,345,406,345,401,345,394
346,"Ja Morant",24,346,20,346,17,346,15,346,14,346,14,346,14,346,12,346,12,346,12
347,"Marcus Morris",194,347,209,347,222,347,239,347,249,347,258,347,269,347,283,347,296,347,307
348,"Markieff Morris",421,348,427,348,438,348,454,348,458,348,472,348,479,348,490,348,497,348,505
349,"Monte Morris",150,349,150,349,154,349,156,349,160,349,163,349,165,349,167,349,168,349,169
350,"Trey Murphy III",76,350,67,350,66,350,61,350,59,350,54,350,48,350,47,350,46,350,44
351,"Dejounte Murray",20,351,18,351,19,351,17,351,17,351,18,351,19,351,20,351,22,351,24
352,"Jamal Murray",50,352,47,352,48,352,48,352,46,352,45,352,45,352,45,352,47,352,49
353,"Keegan Murray",103,353,100,353,93,353,88,353,85,353,78,353,75,353,71.5,353,66,353,66
354,"Mike Muscala",284,354,296,354,303,354,311,354,321,354,329,354,338,354,342,354,354,354,365
355,"Svi Mykhailiuk",372,355,369,355,370,355,366,355,367,355,367,355,368,355,366,355,368,355,369.5
356,"Larry Nance Jr.",195,356,200,356,214,356,217,356,229,356,233,356,244,356,252,356,256,356,264
357,"Andrew Nembhard",135,357,131,357,126,357,124,357,119,357,117,357,114,357,112,357,106,357,99
358,"Aaron Nesmith",170,358,164.5,358,161,358,155,358,149,358,145,358,142,358,134,358,131,358,127
359,"Raul Neto",371,359,380,359,386,359,389,359,395,359,403,359,407,359,415,359,418,359,424
360,"Georges Niang",214,360,220,360,224,360,236,360,235.5,360,242,360,249,360,254,360,259,360,263
361,"Daishen Nix",324,361,315,361,304,361,299,361,289,361,280,361,265,361,260,361,251,361,242
362,"Zeke Nnaji",328,362,326,362,320,362,309,362,307,362,303,362,295,362,288,362,280,362,279
363,"Nerlens Noel",448,363,455,363,457,363,459,363,462,363,467,363,467,363,469,363,474,363,479
364,"Jaylen Nowell",219,364,217,364,208,364,198,364,190,364,190,364,185,364,182,364,181,364,175
365,"Frank Ntilikina",380,365,379,365,376,365,372,365,373,365,369,365,367,365,364,365,363,365,363
366,"Kendrick Nunn",270,366,274,366,279,366,279,366,284,366,285,366,286,366,287,366,290,366,289
367,"Jusuf Nurki?",156,367,161,367,166,367,170,367,175,367,176,367,179,367,180,367,186,367,194
368,"Jordan Nwora",255,368,251,368,251,368,246,368,241,368,239,368,236,368,232,368,230,368,230
369,"Royce O'Neale",121.5,369,126,369,131,369,136.5,369,141,369,147,369,156,369,160,369,166,369,170
370,"Chuma Okeke",375,370,371,370,369,370,364,370,363,370,361,370,358,370,357,370,356,370,356
371,"Josh Okogie",217,371,212,371,209,371,202,371,197,371,197,371,196,371,196,371,194,371,192
372,"Onyeka Okongwu",94,372,91,372,83,372,82,372,74,372,72,372,67,372,60,372,59,372,57
373,"Isaac Okoro",202,373,194,373,188,373,182,373,181,373,174,373,170,373,166,373,159,373,154
374,"KZ Okpala",438,374,434,374,431,374,427,374,423,374,418,374,412,374,411,374,407,374,404
375,"Victor Oladipo",261,375,266,375,270,375,276,375,287,375,292,375,300,375,311,375,315,375,318
376,"Kelly Olynyk",130,376,134,376,142,376,151,376,162,376,170,376,177,376,183,376,197,376,203
377,"Eugene Omoruyi",354,377,352,377,352,377,351,377,351,377,349,377,345,377,345,377,349,377,349
378,"Cedi Osman",201,378,204,378,211.5,378,212,378,212,378,215,378,220,378,222,378,226,378,228
379,"Kelly Oubre Jr.",146,379,146,379,149,379,149,379,154,379,159,379,160,379,161,379,164,379,163
380,"Chris Paul",65,380,83,380,99,380,118,380,132,380,154,380,171,380,186,380,206,380,229
381,"Cameron Payne",259,381,261,381,264,381,265,381,270,381,275,381,279,381,280,381,284,381,287
382,"Gary Payton II",394.5,382,398,382,405,382,412,382,414,382,423,382,425,382,429,382,436,382,442
383,"Theo Pinson",413,383,416,383,419,383,418,383,417,383,419,383,420,383,418,383,420,383,423
384,"Scotty Pippen Jr.",514.5,384,513,384,510,384,507,384,503,384,498,384,494,384,486,384,484,384,476
385,"Mason Plumlee",92,385,104,385,112,385,121,385,128,385,138,385,155,385,164,385,172,385,183
386,"Jakob Poeltl",70,386,68,386,70,386,77,386,81,386,83,386,82,386,82,386,83,386,87
387,"Aleksej Pokusevski",285,387,280,387,272,387,263,387,260,387,251,387,242,387,235,387,228,387,219
388,"Jordan Poole",52,388,49,388,49,388,47,388,43,388,41,388,40,388,39,388,38,388,36
389,"Kevin Porter Jr.",66,389,63,389,60,389,58,389,49,389,46,389,43,389,42,389,41,389,38
390,"Michael Porter Jr.",118,390,115,390,114,390,113,390,110,390,107,390,104,390,102,390,99,390,96
391,"Otto Porter Jr.",429,391,432,391,437,391,443,391,446,391,447,391,453,391,456,391,459,391,466
392,"Bobby Portis",117,392,118,392,122,392,123,392,124,392,122,392,128,392,128,392,132,392,131
393,"Kristaps Porzi??is",33,393,32,393,31,393,31,393,33,393,35,393,35,393,36,393,37,393,39
394,"Micah Potter",488,394,488,394,482,394,481,394,480,394,476,394,473,394,472,394,469,394,465
395,"Dwight Powell",220,395,229,395,242,395,247,395,257,395,263.5,395,270,395,277,395,288,395,298
396,"Norman Powell",172,396,174,396,177,396,181,396,187,396,191,396,203,396,206,396,214,396,223
397,"Jason Preston",472,397,471,397,466,397,460,397,457,397,449,397,447,397,445,397,437,397,434
398,"Joshua Primo",420,398,409.5,398,401,398,394,398,384,398,377,398,371,398,359,398,353,398,345
399,"Taurean Prince",273,399,277,399,282,399,289,399,294,399,294,399,299,399,304,399,307,399,309
400,"Payton Pritchard",348,400,349,400,351,400,345,400,345,400,343,400,342,400,343,400,341,400,343
401,"Trevelin Queen",490,401,491,401,488,401,486,401,487,401,490,401,488,401,485,401,485,401,481.5
402,"Neemias Queta",502.5,402,500,402,500.5,402,495.5,402,492,402,491,402,485.5,402,479.5,402,476.5,402,471.5
403,"Immanuel Quickley",67,403,64,403,62,403,59,403,57,403,53,403,50,403,51,403,50,403,47
404,"Lester Quinones",525,404,523,404,519,404,516,404,511,404,510,404,506,404,502.5,404,493,404,490
405,"Julius Randle",19,405,17,405,20,405,21,405,22,405,24,405,26,405,31,405,32,405,35
406,"Austin Reaves",154,406,154,406,152,406,148,406,146,406,142,406,137,406,135,406,133,406,130
407,"Cam Reddish",293,407,291,407,288,407,281,407,276,407,272,407,264,407,263,407,258,407,254
408,"Davon Reed",417,408,421,408,422,408,423,408,426,408,426,408,424,408,426,408,428,408,429
409,"Paul Reed",266,409,255,409,252,409,248,409,242,409,237,409,231,409,227,409,225,409,221
410,"Naz Reid",171,410,169,410,163,410,158,410,155,410,150,410,145.5,410,138,410,134,410,129
411,"Jared Rhoden",469,411,462,411,459,411,456,411,449,411,445,411,441,411,434,411,430,411,426
412,"Nick Richards",207,412,203,412,203,412,201,412,201,412,199,412,201,412,201,412,200,412,197
413,"Josh Richardson",184,413,192,413,193,413,206,413,211,413,217.5,413,224,413,230,413,237,413,243
414,"Austin Rivers",332,414,335,414,341,414,346,414,354,414,359,414,369,414,379,414,383,414,385
415,"Duncan Robinson",365,415,368,415,373,415,379,415,381,415,385,415,389,415,391,415,393,415,397
416,"Mitchell Robinson",139,416,138.5,416,134,416,131,416,127,416,123,416,123,416,123,416,120,416,120
417,"Orlando Robinson",387,417,383,417,374,417,368,417,362,417,357,417,350,417,344,417,339,417,337
418,"Jeremiah Robinson-Earl",311.5,418,301,418,298,418,296,418,286,418,281,418,274,418,266,418,262,418,256
419,"Isaiah Roby",378,419,377,419,372,419,370,419,369,419,366,419,363,419,362,419,361,419,361
420,"David Roddy",254,420,250,420,241,420,228,420,221,420,210,420,205,420,198,420,187,420,182
421,"Ryan Rollins",509,421,507,421,503,421,491,421,485,421,474.5,421,468,421,457,421,448,421,440
422,"Derrick Rose",424,422,437,422,449,422,458,422,470,422,479,422,496,422,504,422,511,422,514
423,"Terrence Ross",257,423,264,423,268.5,423,280,423,290,423,298,423,309,423,316,423,324,423,328
424,"Terry Rozier",61,424,66,424,67,424,74,424,77,424,81,424,83,424,85,424,90,424,93
425,"Ricky Rubio",361,425,370,425,383,425,388,425,400,425,405,425,416,425,423,425,431,425,438
426,"D'Angelo Russell",51,426,52,426,52,426,55,426,54,426,55,426,55,426,54.5,426,57,426,63
427,"Matt Ryan",434,427,429,427,432,427,430,427,430,427,428,427,422,427,422,427,419,427,420
428,"Domantas Sabonis",6,428,6,428,6,428,6,428,6.5,428,7,428,7,428,8,428,8,428,8
429,"Luka Šamani?",376,429,372,429,366,429,362,429,357,429,354,429,349,429,346,429,344,429,340
430,"Dario Šari?",309,430,308,430,311,430,318,430,322,430,325,430,327,430,331,430,335,430,338
431,"Olivier Sarr",461,431,457,431,455,431,450,431,444,431,443,431,436,431,428,431,425,431,422
432,"Jordan Schakel",522,432,519,432,517,432,519,432,516,432,514,432,514,432,513,432,509,432,506
433,"Admiral Schofield",401,433,397,433,396,433,396,433,392.5,433,395,433,391,433,390,433,389,433,391
434,"Dennis Schröder",160,434,168,434,169,434,176,434,180,434,183,434,188,434,200,434,202,434,210
435,"Jay Scrubb",449.5,435,446,435,440,435,433,435,432,435,425,435,418,435,413,435,412,435,406
436,"Dereon Seabron",531,436,530,436,528,436,525,436,521,436,518,436,518,436,510,436,508,436,500
437,"Alperen Þengün",47,437,44,437,41,437,34,437,30,437,23,437,21,437,19,437,16,437,14
438,"Collin Sexton",234,438,232,438,231,438,227,438,223,438,222,438,219,438,213,438,210,438,212
439,"Landry Shamet",317,439,319,439,316,439,314,439,313,439,314,439,314,439,313,439,310,439,308
440,"Day'Ron Sharpe",331,440,324,440,314,440,304,440,301,440,293,440,284,440,272,440,270,440,261
441,"Shaedon Sharpe",167,441,156,441,143,441,132,441,122,441,115,441,105,441,92,441,81,441,74
442,"Pascal Siakam",16,442,16,442,15.5,442,16,442,18,442,21,442,23,442,26,442,29,442,33
443,"Chris Silva",535,443,536,443,535,443,535,443,535,443,534,443,535,443,533,443,531,443,531
444,"Ben Simmons",196,444,197,444,195,444,194.5,444,199,444,201,444,206,444,204,444,204,444,209
445,"Kobi Simmons",519,445,517,445,516,445,517,445,515,445,516,445,516.5,445,515,445,514,445,512
446,"Marko Simonovic",529,446,529,446,527,446,526,446,523,446,520,446,519,446,517.5,446,513,446,508
447,"Anfernee Simons",82,447,75,447,71,447,70,447,68,447,66,447,62,447,57,447,56,447,58
448,"Jericho Sims",318,448,316,448,309,448,307,448,308,448,307,448,306,448,303,448,299,448,293
449,"Marcus Smart",121.5,449,125,449,127,449,130,449,135,449,135,449,144,449,146,449,153,449,156
450,"Dennis Smith Jr.",190,450,187,450,187,450,186,450,186,450,186,450,184,450,184,450,184,450,187
451,"Dru Smith",444,451,445,451,447,451,445,451,441,451,442,451,440,451,436,451,433,451,432
452,"Ish Smith",405,452,419,452,429,452,441,452,452,452,463,452,472,452,487,452,495,452,504
453,"Jabari Smith Jr.",93,453,86,453,75,453,65,453,60,453,51.5,453,44,453,41,453,36,453,32
454,"Jalen Smith",186,454,178,454,176,454,174,454,167,454,165,454,159,454,151.5,454,144,454,137
455,"Xavier Sneed",487,455,486.5,455,484,455,483,455,483.5,455,483.5,455,481,455,481,455,483,455,480
456,"Jeremy Sochan",193,456,179,456,175,456,165,456,156,456,143,456,129,456,124,456,113,456,103
457,"Jaden Springer",473,457,468,457,458,457,451,457,440,457,433,457,421,457,417,457,411,457,399
458,"Lamar Stevens",291,458,292,458,292.5,458,292,458,288,458,286,458,282,458,282,458,279,458,282
459,"Isaiah Stewart",199,459,193,459,184,459,179,459,177,459,167,459,163,459,154,459,143,459,133
460,"Max Strus",136,460,136,460,137,460,138,460,139,460,136,460,133.5,460,140,460,141,460,141
461,"Jalen Suggs",221.5,461,210,461,194,461,190,461,183,461,180,461,173,461,168,461,157,461,151
462,"Edmond Sumner",319,462,322,462,324,462,325,462,328,462,328,462,331,462,335,462,334,462,335
463,"Cole Swider",516,463,514,463,513,463,510,463,507,463,506,463,501,463,496,463,492,463,487
464,"Jae'Sean Tate",329,464,332,464,331,464,334,464,335,464,335,464,340,464,340,464,342,464,348
465,"Jayson Tatum",4,465,4,465,4,465,4,465,3,465,3,465,3,465,3,465,3,465,3
466,"Terry Taylor",436,466,431,466,427,466,424,466,420,466,414,466,409,466,408,466,403.5,466,400
467,"Garrett Temple",479,467,492,467,507,467,515,467,526,467,530,467,533,467,535,467,536,467,536
468,"Dalen Terry",422,468,412,468,404,468,395,468,386,468,379,468,373,468,361,468,355,468,347
469,"Daniel Theis",432,469,438,469,445,469,452,469,455,469,458,469,465,469,470,469,480,469,483
470,"Cam Thomas",276,470,271,470,262,470,258,470,247,470,240,470,229,470,223,470,216,470,207
471,"Klay Thompson",69,471,77,471,91,471,98,471,109,471,118,471,125,471,132,471,148,471,158
472,"JT Thor",295,472,288,472,278,472,266,472,261,472,249,472,240,472,229,472,220,472,213
473,"Matisse Thybulle",247,473,249,473,248,473,242,473,240,473,241,473,238,473,239,473,236,473,237
474,"Xavier Tillman Sr.",215,474,211,474,205.5,474,199,474,195,474,195,474,194.5,474,194,474,192,474,191
475,"Isaiah Todd",512,475,509,475,506,475,501,475,494,475,489,475,480,475,474,475,466,475,452
476,"Obi Toppin",262,476,256,476,253,476,253,476,248,476,247,476,241,476,241,476,238,476,235
477,"Juan Toscano-Anderson",357,477,359,477,365,477,371,477,377,477,382,477,388,477,392,477,396,477,401
478,"Karl-Anthony Towns",142,478,143,478,148,478,147,478,151,478,157,478,157,478,158,478,160,478,160
479,"Gary Trent Jr.",108,479,105,479,102,479,99,479,97,479,94,479,92,479,87.5,479,84,479,80
480,"P.J. Tucker",268,480,278,480,299,480,315,480,332,480,345,480,365,480,385,480,399,480,414
481,"Myles Turner",54,481,59,481,59,481,60,481,61,481,60,481,59,481,62,481,67,481,71
482,"Stanley Umude",502.5,482,501,482,500.5,482,495.5,482,491,482,492,482,485.5,482,479.5,482,476.5,482,471.5
483,"Jonas Valan?i?nas",87,483,97,483,101,483,108,483,115,483,120,483,124,483,130,483,138,483,149.5
484,"Jarred Vanderbilt",123.5,484,116,484,115,484,112,484,105,484,102,484,98.5,484,94,484,91,484,84
485,"Fred VanVleet",25,485,23,485,27,485,29,485,31,485,34,485,36,485,38,485,40,485,43
486,"Devin Vassell",158,486,152,486,147,486,141,486,134,486,126,486,121,486,118,486,112,486,108
487,"Gabe Vincent",198,487,198,487,196,487,200,487,204,487,203,487,207,487,205,487,208,487,211
488,"Noah Vonleh",478,488,476,488,478,488,479,488,482,488,486,488,489,488,488,488,488,488,491
489,"Nikola Vu?evi?",22,489,26,489,34,489,36,489,39,489,43,489,53,489,59,489,72,489,75
490,"Dean Wade",330,490,331,490,330,490,330,490,331,490,332,490,333,490,333,490,333,490,330
491,"Franz Wagner",49,491,45,491,43,491,38,491,35,491,30,491,25,491,22,491,20,491,21
492,"Moritz Wagner",237,492,237,492,240,492,237,492,233,492,231,492,230,492,228,492,229,492,231
493,"Ish Wainright",310,493,309,493,312,493,319,493,323,493,326,493,328,493,332,493,336,493,339
494,"Jabari Walker",341,494,334,494,326,494,316,494,309,494,302,494,291,494,278,494,271,494,260
495,"Kemba Walker",439,495,449,495,456,495,465,495,472,495,480,495,493,495,497,495,505,495,511
496,"Lonnie Walker IV",248,496,248,496,245,496,240,496,234,496,230,496,226,496,226,496,224,496,222
497,"John Wall",290,497,298,497,307,497,322,497,330,497,337,497,344,497,356,497,371,497,378
498,"T.J. Warren",336,498,336,498,342,498,343,498,352,498,355,498,360,498,367,498,374,498,379
499,"Duane Washington Jr.",392,499,386,499,379,499,374,499,365,499,362,499,354,499,350,499,346,499,341
500,"P.J. Washington",74,500,69,500,68,500,66,500,66,500,65,500,65,500,61,500,63,500,67
501,"TyTy Washington Jr.",399,501,392,501,385,501,378,501,370,501,364,501,353,501,347,501,338,501,334
502,"Yuta Watanabe",302,502,305,502,308,502,313,502,317,502,324,502,325,502,329,502,332,502,332
503,"Lindy Waters III",363,503,361,503,360,503,360,503,360,503,360,503,359,503,358,503,359,503,362
504,"Trendon Watford",238.5,504,234,504,228,504,219,504,214,504,205,504,202,504,199,504,190,504,186
505,"Peyton Watson",441,505,435,505,426,505,420,505,409,505,402,505,392,505,386,505,379,505,373
506,"Blake Wesley",362,506,354,506,346,506,337,506,329,506,319,506,311,506,300,506,285,506,275
507,"Russell Westbrook",68,507,81,507,96,507,106.5,507,117,507,129,507,145.5,507,159,507,171,507,185
508,"Coby White",165,508,157,508,151,508,145,508,138,508,131,508,127,508,122,508,116,508,113
509,"Derrick White",73,509,71,509,80.5,509,86,509,89,509,91,509,95,509,99,509,101,509,104
510,"Jack White",496,510,496,510,496,510,499,510,497,510,496,510,497,510,494,510,489,510,488
511,"Joe Wieskamp",524,511,521,511,518,511,518,511,514,511,512,511,510,511,506,511,503,511,496
512,"Aaron Wiggins",235.5,512,235,512,233,512,231,512,227,512,224,512,222,512,217,512,215,512,214
513,"Andrew Wiggins",166,513,170,513,170,513,173,513,178,513,177,513,178,513,178,513,182,513,188
514,"Lindell Wigginton",467,514,463,514,461,514,457,514,454,514,448,514,448,514,447,514,440,514,436
515,"Alondes Williams",539,515,538,515,538,515,537,515,536,515,535,515,534,515,529,515,527,515,525
516,"Donovan Williams",528,516,526,516,525.5,516,520,516,513,516,511,516,505,516,498.5,516,490,516,486
517,"Grant Williams",164,517,160,517,156,517,154,517,152,517,149,517,147,517,143,517,140,517,135
518,"Jalen Williams",63,518,62,518,55,518,50,518,45,518,40,518,39,518,37,518,33,518,28
519,"Jaylin Williams",288,519,279,519,268.5,519,262,519,254,519,244,519,233,519,225,519,213,519,202
520,"Jeenathan Williams",360,520,356,520,354,520,348,520,344,520,342,520,339,520,336,520,331,520,326
521,"Kenrich Williams",235.5,521,246,521,249,521,251,521,255,521,257,521,259,521,264,521,266,521,272
522,"Mark Williams",251.5,522,244.5,522,234,522,223,522,216,522,206,522,198,522,192,522,183,522,176
523,"Patrick Williams",113,523,109,523,100,523,96,523,88,523,82,523,77,523,74,523,68,523,64
524,"Robert Williams",240,524,243,524,244,524,241,524,237,524,234,524,234,524,233,524,233,524,234
525,"Vince Williams Jr.",491,525,486.5,525,480,525,478,525,471,525,468,525,458,525,451,525,444,525,441
526,"Ziaire Williams",374,526,364,526,356,526,354,526,346,526,340,526,336,526,328,526,323,526,313
527,"Zion Williamson",99,527,96,527,88,527,85,527,79,527,74,527,70,527,65,527,61.5,527,61
528,"Dylan Windler",527,528,528,528,530,528,529,528,528,528,527,528,525,528,524,528,524,528,524
529,"Justise Winslow",314,529,312,529,310,529,312,529,314,529,318,529,318,529,319,529,320,529,317
530,"James Wiseman",275,530,268,530,258,530,256,530,244,530,236,530,227,530,221,530,211,530,204
531,"Christian Wood",106,531,107,531,109,531,109,531,112,531,112,531,116,531,114,531,119,531,123
532,"Delon Wright",204,532,219,532,220,532,232,532,239,532,246,532,254,532,258,532,263,532,273
533,"McKinley Wright IV",409,533,407,533,403,533,400,533,397,533,397,533,394,533,389,533,388,533,384
534,"Gabe York",431,534,436,534,439,534,446,534,447,534,451,534,456,534,460,534,464,534,468
535,"Thaddeus Young",321,535,333,535,344,535,357,535,368,535,380,535,393,535,404,535,415,535,425
536,"Trae Young",10,536,9,536,9,536,9,536,9,536,9,536,9,536,9,536,9,536,9.5
537,"Omer Yurtseven",476,537,472,537,469,537,467,537,468,537,460,537,457,537,454,537,451,537,445
538,"Cody Zeller",433,538,439,538,446,538,453,538,456,538,459,538,466,538,471,538,481,538,484
539,"Ivica Zubac",97,539,98,539,97,539,95,539,93,539,92,539,91,539,90,539,87.5,539,85
