Number,Player,Pos,Age,G,MP,FG,FGA,FG%,ThreeP,ThreePA,ThreePperc,TwoP,2PA,TwoPperc,eFG%,FT,FTA,FT%,ORB,DRB,TRB,AST,STL,BLK,TOV,PF,PTS,FPTS,Tm,xwell_2024_rating,Interest,interest
1,Precious Achiuwa,C,23,55,20.7,3.6,7.3,0.485,0.5,2,0.269,3,5.4,0.564,0.521,1.6,2.3,0.702,1.8,4.1,6,0.9,0.6,0.5,1.1,1.9,9.2,18.9,TOR,NA,NA,10
2,Steven Adams,C,29,42,27,3.7,6.3,0.597,0,0,0,3.7,6.2,0.599,0.597,1.1,3.1,0.364,5.1,6.5,11.5,2.3,0.9,1.1,1.9,2.3,8.6,28,MEM,NA,NA,10
3,Bam Adebayo,C,25,75,34.6,8,14.9,0.54,0,0.2,0.083,8,14.7,0.545,0.541,4.3,5.4,0.806,2.5,6.7,9.2,3.2,1.2,0.8,2.5,2.8,20.4,39,MIA,NA,NA,10
4,Ochai Agbaji,SG,22,59,20.5,2.8,6.5,0.427,1.4,3.9,0.355,1.4,2.7,0.532,0.532,0.9,1.2,0.812,0.7,1.3,2.1,1.1,0.3,0.3,0.7,1.7,7.9,13.4,UTA,NA,NA,10
5,Santi Aldama,PF,22,77,21.8,3.2,6.8,0.47,1.2,3.5,0.353,2,3.4,0.591,0.56,1.4,1.9,0.75,1.1,3.7,4.8,1.3,0.6,0.6,0.8,1.9,9,19.9,MEM,NA,NA,10
6,Nickeil Alexander-Walker,SG,24,59,15,2.2,5,0.444,1,2.7,0.384,1.2,2.3,0.515,0.547,0.7,1,0.667,0.3,1.5,1.7,1.8,0.5,0.4,0.9,1.5,6.2,13.4,MIN,NA,NA,10
7,Grayson Allen,SG,27,72,27.4,3.4,7.7,0.44,2,5.1,0.399,1.4,2.7,0.518,0.571,1.6,1.8,0.905,0.8,2.4,3.3,2.3,0.9,0.2,1,1.6,10.4,21.6,MIL,NA,NA,10
8,Jarrett Allen,C,24,68,32.6,5.9,9.2,0.644,0,0.1,0.1,5.9,9.1,0.653,0.645,2.4,3.3,0.733,3.3,6.5,9.8,1.7,0.8,1.2,1.4,2.3,14.3,34.4,CLE,NA,NA,10
9,Jose Alvarado,PG,24,61,21.5,3.3,8,0.411,1.4,4,0.336,1.9,4,0.488,0.496,1.1,1.3,0.813,0.5,1.9,2.3,3,1.1,0.2,1.3,2,9,19.7,NOP,NA,NA,10
10,Kyle Anderson,PF,29,69,28.4,3.7,7.2,0.509,0.6,1.5,0.41,3,5.7,0.536,0.553,1.4,2,0.735,1,4.4,5.3,4.9,1.1,0.9,1.5,2.1,9.4,29.7,MIN,NA,NA,10
11,Giannis Antetokounmpo,PF,28,63,32.1,11.2,20.3,0.553,0.7,2.7,0.275,10.5,17.6,0.596,0.572,7.9,12.3,0.645,2.2,9.6,11.8,5.7,0.8,0.8,3.9,3.1,31.1,51.3,MIL,NA,NA,10
12,Thanasis Antetokounmpo,SF,30,37,5.6,0.5,1.2,0.435,0,0.2,0,0.5,1,0.526,0.435,0.3,0.6,0.5,0.4,0.8,1.2,0.4,0.1,0.1,0.3,0.6,1.4,3.1,MIL,NA,NA,10
13,Cole Anthony,PG,22,60,25.9,4.6,10.2,0.454,1.3,3.4,0.364,3.4,6.7,0.5,0.516,2.5,2.8,0.894,0.8,4,4.8,3.9,0.6,0.5,1.5,2.6,13,27,ORL,NA,NA,10
14,OG Anunoby,SF,25,67,35.6,6.3,13.2,0.476,2.1,5.5,0.387,4.2,7.7,0.539,0.556,2.1,2.5,0.838,1.4,3.5,5,2,1.9,0.7,2,3,16.8,33.3,TOR,NA,NA,10
15,Ryan Arcidiacono,PG,28,20,8.6,0.5,1.9,0.243,0.4,1.2,0.348,0.1,0.7,0.071,0.351,0,0,0,0,0.8,0.8,1.2,0.3,0,0.4,0.9,1.3,4.4,POR,NA,NA,10
16,Deni Avdija,SF,22,76,26.6,3.3,7.6,0.437,0.9,3.1,0.297,2.4,4.6,0.53,0.497,1.6,2.2,0.739,1,5.4,6.4,2.8,0.9,0.4,1.6,2.8,9.2,22.5,WAS,NA,NA,10
17,Deandre Ayton,C,24,67,30.4,7.8,13.2,0.589,0.1,0.4,0.292,7.7,12.9,0.597,0.592,2.3,3,0.76,2.6,7.4,10,1.7,0.6,0.8,1.8,2.8,18,35.2,PHO,NA,NA,10
18,Udoka Azubuike,C,23,36,10,1.6,2,0.819,0,0,0,1.6,2,0.819,0.819,0.2,0.6,0.35,0.9,2.4,3.3,0.3,0.2,0.4,0.5,0.9,3.5,9.6,UTA,NA,NA,10
19,Marvin Bagley III,C,23,42,23.6,4.8,9.1,0.529,0.5,1.6,0.288,4.4,7.5,0.579,0.554,1.9,2.6,0.75,2.2,4.2,6.4,0.9,0.5,0.7,1.1,1.9,12,23.1,DET,NA,NA,10
20,Patrick Baldwin Jr.,SF,20,31,7.3,1.4,3.5,0.394,1,2.7,0.381,0.4,0.8,0.44,0.541,0.1,0.2,0.667,0,1.3,1.3,0.4,0.2,0.1,0.4,0.5,3.9,6.6,GSW,NA,NA,10
21,LaMelo Ball,PG,21,36,35.2,8.2,20,0.411,4,10.6,0.376,4.2,9.4,0.45,0.51,2.8,3.4,0.836,1.2,5.3,6.4,8.4,1.3,0.3,3.6,3.3,23.3,45.5,CHO,NA,NA,10
22,Mo Bamba,C,24,49,15.7,2.4,4.9,0.485,1,2.5,0.387,1.4,2.4,0.59,0.585,0.8,1.3,0.661,1.2,3.4,4.6,0.9,0.3,0.9,0.6,2.1,6.6,17,LAL,NA,NA,10
23,Paolo Banchero,PF,20,72,33.8,6.7,15.6,0.427,1.2,4,0.298,5.5,11.6,0.471,0.465,5.5,7.4,0.738,1.2,5.7,6.9,3.7,0.8,0.5,2.8,2.2,20,31,ORL,NA,NA,10
24,Desmond Bane,SG,24,58,31.7,7.8,16.2,0.479,2.9,7,0.408,4.9,9.2,0.534,0.568,3.1,3.5,0.883,0.7,4.3,5,4.4,1,0.4,2.2,2.6,21.5,38.4,MEM,NA,NA,10
25,Dalano Banton,PG,23,31,9,1.8,4.2,0.423,0.5,1.6,0.294,1.3,2.5,0.506,0.481,0.5,0.8,0.708,0.4,1.1,1.5,1.2,0.4,0.4,0.6,1.1,4.6,10.1,TOR,NA,NA,10
26,Dominick Barlow,SF,19,28,14.6,1.6,3.1,0.535,0,0.1,0,1.6,2.9,0.561,0.535,0.6,0.9,0.72,1.6,2,3.6,0.9,0.4,0.7,0.5,2,3.9,12.5,SAS,NA,NA,10
27,Harrison Barnes,PF,30,82,32.5,4.6,9.6,0.473,1.6,4.3,0.374,3,5.3,0.553,0.556,4.3,5,0.847,1.1,3.4,4.5,1.6,0.7,0.1,1,1.3,15,24.4,SAC,NA,NA,10
28,Scottie Barnes,PF,21,77,34.8,6,13.2,0.456,0.8,2.9,0.281,5.2,10.3,0.505,0.487,2.5,3.2,0.772,2.3,4.3,6.6,4.8,1.1,0.8,2,2.2,15.3,34,TOR,NA,NA,10
29,RJ Barrett,SG,22,73,33.9,7,16.1,0.434,1.7,5.3,0.31,5.3,10.8,0.495,0.485,4,5.4,0.74,0.8,4.2,5,2.8,0.4,0.2,2.2,2.5,19.6,26.4,NYK,NA,NA,10
30,Will Barton,SG,32,56,17.7,2.5,6.5,0.379,1.2,3.2,0.367,1.3,3.3,0.391,0.47,0.7,0.8,0.787,0.3,2.2,2.4,2,0.5,0.2,0.9,1,6.8,13.8,TOR,NA,NA,10
31,Charles Bassey,C,22,35,14.5,2.5,3.9,0.644,0.1,0.2,0.375,2.4,3.6,0.661,0.656,0.6,1.1,0.595,2.1,3.4,5.5,1.3,0.5,0.9,1.2,2.1,5.7,17.7,SAS,NA,NA,10
32,Keita Bates-Diop,SF,27,67,21.7,3.5,6.9,0.508,0.8,2.1,0.394,2.7,4.8,0.557,0.568,1.8,2.2,0.793,1,2.7,3.7,1.5,0.7,0.3,0.8,0.9,9.7,19.3,SAS,NA,NA,10
33,Nicolas Batum,PF,34,78,21.9,2.1,4.9,0.42,1.6,4.1,0.391,0.5,0.8,0.563,0.583,0.4,0.6,0.708,0.8,3,3.8,1.6,0.7,0.6,0.6,1.9,6.1,17.8,LAC,NA,NA,10
34,Darius Bazley,PF,22,43,14.3,1.9,4.3,0.454,0.5,1.2,0.377,1.5,3,0.485,0.508,0.9,1.6,0.543,0.8,2.4,3.2,0.9,0.5,0.8,0.6,1,5.2,13.5,PHO,NA,NA,10
35,Bradley Beal,SG,29,50,33.5,8.9,17.6,0.506,1.6,4.4,0.365,7.3,13.2,0.552,0.551,3.8,4.6,0.842,0.8,3.1,3.9,5.4,0.9,0.7,2.9,2.1,23.2,39.5,WAS,NA,NA,10
36,Malik Beasley,SG,26,81,25.8,4.6,11.6,0.395,2.9,8.1,0.357,1.7,3.4,0.484,0.52,0.6,0.8,0.769,0.4,3.1,3.5,1.5,0.8,0.1,1.1,1.3,12.7,20.9,LAL,NA,NA,10
37,MarJon Beauchamp,SF,22,52,13.5,1.8,4.7,0.395,0.9,2.7,0.331,0.9,1.9,0.485,0.492,0.5,0.7,0.73,0.7,1.5,2.2,0.7,0.4,0.1,0.9,1.4,5.1,8.5,MIL,NA,NA,10
38,D?vis Bert?ns,PF,30,45,10.9,1.5,3.6,0.431,1.2,3.1,0.39,0.3,0.4,0.737,0.603,0.3,0.3,0.867,0.2,1,1.2,0.5,0.2,0.2,0.2,1.2,4.6,8.6,DAL,NA,NA,10
39,Patrick Beverley,PG,34,67,27.1,2.1,5.4,0.4,1.2,3.6,0.335,1,1.8,0.529,0.511,0.7,1,0.723,0.7,3,3.7,2.9,0.9,0.6,0.9,2.8,6.2,19.6,CHI,NA,NA,10
40,Saddiq Bey,SF,23,77,27.6,4.6,10.9,0.422,2,5.4,0.361,2.6,5.4,0.483,0.513,2.7,3.1,0.861,1.3,3.4,4.7,1.5,0.9,0.2,0.9,1.6,13.8,24,ATL,NA,NA,10
41,Khem Birch,C,30,20,8.1,1,1.6,0.594,0.1,0.1,0.5,0.9,1.5,0.6,0.609,0.2,0.3,0.8,0.4,0.9,1.3,0.4,0.3,0.3,0.4,1.2,2.2,6.3,TOR,NA,NA,10
42,Goga Bitadze,C,23,38,12,1.8,3.3,0.552,0.2,0.7,0.231,1.7,2.6,0.636,0.576,0.6,1.1,0.548,1.6,2,3.6,1,0.4,0.7,0.6,1.7,4.4,13.2,ORL,NA,NA,10
43,Bismack Biyombo,C,30,61,14.3,2,3.4,0.578,0,0,0,2,3.4,0.578,0.578,0.4,1.1,0.357,1.5,2.8,4.3,0.9,0.3,1.4,0.8,1.9,4.3,15.5,PHO,NA,NA,10
44,Buddy Boeheim,PG,23,10,9,0.5,2.7,0.185,0.4,2.5,0.16,0.1,0.2,0.5,0.259,0.2,0.2,1,0.2,0.4,0.6,0.4,0.2,0,0,0.6,1.6,2.5,DET,NA,NA,10
45,Bogdan Bogdanovi?,SG,30,54,27.9,5.1,11.3,0.447,2.7,6.7,0.406,2.4,4.6,0.506,0.566,1.2,1.4,0.831,0.4,2.6,3.1,2.8,0.8,0.3,1.2,1.6,14,26.1,ATL,NA,NA,10
46,Bojan Bogdanovi?,PF,33,59,32.1,7.3,14.9,0.488,2.5,6,0.411,4.8,9,0.539,0.57,4.5,5.1,0.884,0.6,3.2,3.8,2.6,0.6,0.1,2.3,1.9,21.6,30.4,DET,NA,NA,10
47,Bol Bol,PF,23,70,21.5,3.7,6.8,0.546,0.4,1.6,0.265,3.3,5.2,0.633,0.577,1.2,1.5,0.759,1,4.8,5.8,1,0.4,1.2,1.6,1.3,9.1,20.8,ORL,NA,NA,10
48,Leandro Bolmaro,SG,22,14,4.9,0.2,1.4,0.15,0,0.3,0,0.2,1.1,0.188,0.15,0,0,0,0.3,0.2,0.5,0.5,0.2,0.1,0.5,0.7,0.4,1.1,UTA,NA,NA,10
49,Devin Booker,SG,26,53,34.6,9.9,20.1,0.494,2.1,6,0.351,7.8,14.2,0.554,0.546,5.8,6.8,0.855,0.9,3.7,4.5,5.5,1,0.3,2.7,3,27.8,43.9,PHO,NA,NA,10
50,Brandon Boston Jr.,SG,21,22,11.3,2.3,5.5,0.418,0.5,1.3,0.414,1.8,4.2,0.419,0.467,1.3,1.7,0.763,0.3,1,1.4,0.9,0.4,0,0.5,1,6.5,9.5,LAC,NA,NA,10
51,Chris Boucher,PF,30,76,20,3.4,7,0.493,0.8,2.5,0.328,2.6,4.5,0.585,0.552,1.7,2.2,0.762,2.1,3.5,5.5,0.4,0.6,0.8,0.5,1.9,9.4,20.4,TOR,NA,NA,10
52,James Bouknight,SG,22,34,15.1,2,5.7,0.358,1,3.2,0.303,1.1,2.5,0.429,0.443,0.6,0.9,0.667,0.2,1.9,2.1,1.2,0.4,0.1,0.9,1.4,5.6,9.3,CHO,NA,NA,10
53,Jamaree Bouyea,PG,23,5,14.2,1.2,2.8,0.429,0.4,1.2,0.333,0.8,1.6,0.5,0.5,0.2,0.4,0.5,0.2,1,1.2,0.8,0.8,0.4,0.8,1.2,3,8.8,WAS,NA,NA,10
54,Tony Bradley,C,25,12,2.8,0.5,1,0.5,0.3,0.4,0.6,0.3,0.6,0.429,0.625,0.3,0.3,1,0.1,0.8,0.9,0.1,0.1,0.1,0.1,0.2,1.6,3.6,CHI,NA,NA,10
55,Malaki Branham,SF,19,66,23.5,4.1,9.3,0.44,1.2,3.9,0.302,2.9,5.4,0.539,0.503,0.9,1.1,0.829,0.4,2.3,2.7,1.9,0.5,0.1,1.2,1.7,10.2,16.6,SAS,NA,NA,10
56,Jarrell Brantley,PF,26,4,9.8,2,3.5,0.571,1,2.3,0.444,1,1.3,0.8,0.714,0.5,0.5,1,0.3,1.3,1.5,0.8,0,0.5,0.5,0.8,5.5,11.1,UTA,NA,NA,10
57,Christian Braun,SG,21,76,15.5,1.9,3.8,0.495,0.4,1.3,0.354,1.4,2.5,0.565,0.554,0.5,0.8,0.625,0.6,1.8,2.4,0.8,0.5,0.2,0.5,1.3,4.7,10.6,DEN,NA,NA,10
58,Mikal Bridges,SF,26,83,35.7,7.1,15.3,0.468,2,5.3,0.382,5.1,9.9,0.514,0.535,3.8,4.3,0.895,1,3.4,4.4,3.3,1.1,0.7,1.5,1.9,20.1,35.7,BRK,NA,NA,10
59,Oshae Brissett,SF,24,65,16.7,1.9,4.9,0.386,0.7,2.4,0.31,1.2,2.5,0.457,0.461,1.6,2.2,0.717,1,2.4,3.4,0.7,0.5,0.2,0.5,1.2,6.1,11.7,IND,NA,NA,10
60,Malcolm Brogdon,PG,30,67,26,5.3,10.9,0.484,2,4.4,0.444,3.3,6.5,0.51,0.574,2.4,2.7,0.87,0.6,3.6,4.2,3.7,0.7,0.3,1.5,1.6,14.9,28.9,BOS,NA,NA,10
61,Dillon Brooks,SF,27,73,30.3,5.4,13.6,0.396,2,6,0.326,3.4,7.6,0.451,0.468,1.6,2.1,0.779,0.6,2.7,3.3,2.6,0.9,0.2,1.4,3.3,14.3,23.1,MEM,NA,NA,10
62,Bruce Brown,SG,26,80,28.5,4.5,9.3,0.483,1.1,3.2,0.358,3.3,6.1,0.548,0.545,1.5,1.9,0.758,0.8,3.3,4.1,3.4,1.1,0.6,1.5,2.4,11.5,26.6,DEN,NA,NA,10
63,Greg Brown III,PF,21,16,5.8,0.7,1.8,0.393,0.1,0.4,0.143,0.6,1.3,0.476,0.411,0.3,0.8,0.417,0.1,1.1,1.2,0.2,0.3,0.3,0.4,0.8,1.8,4.2,POR,NA,NA,10
64,Jaylen Brown,SF,26,67,35.9,10.1,20.6,0.491,2.4,7.3,0.335,7.7,13.4,0.576,0.55,3.9,5.1,0.765,1.2,5.7,6.9,3.5,1.1,0.4,2.9,2.6,26.6,41.5,BOS,NA,NA,10
65,Kendall Brown,SG,19,6,6.7,0.7,1.2,0.571,0,0.2,0,0.7,1,0.667,0.571,0.2,0.3,0.5,0.3,0.7,1,0.5,0.7,0,0.3,1.5,1.5,5.8,IND,NA,NA,10
66,Moses Brown,C,23,36,8.2,1.7,2.7,0.635,0,0,0,1.7,2.7,0.635,0.635,0.9,2,0.458,1.6,2.3,3.9,0.1,0.1,0.4,0.4,1.1,4.3,9.2,BRK,NA,NA,10
67,Sterling Brown,SG,27,4,6,0,1,0,0,0.5,0,0,0.5,0,0,0,0,0,0.8,1.3,2,0.5,0.8,0,0,1,0,5.2,LAL,NA,NA,10
68,Troy Brown Jr.,SF,23,76,24.5,2.6,6.1,0.43,1.4,3.7,0.381,1.2,2.4,0.505,0.545,0.4,0.5,0.872,0.8,3.2,4.1,1.3,0.8,0.2,0.6,1.6,7.1,17,LAL,NA,NA,10
69,Jalen Brunson,PG,26,68,35,8.6,17.6,0.491,2,4.7,0.416,6.7,12.8,0.519,0.547,4.8,5.8,0.829,0.6,3,3.5,6.2,0.9,0.2,2.1,2.2,24,40.7,NYK,NA,NA,10
70,Thomas Bryant,C,25,59,18.3,3.9,6.3,0.623,0.4,1,0.441,3.5,5.3,0.658,0.659,1.6,2.1,0.738,1.5,4.3,5.7,0.5,0.3,0.5,0.6,1.7,9.8,19.9,DEN,NA,NA,10
71,Reggie Bullock,SF,31,78,30.3,2.5,6,0.409,1.9,5.1,0.38,0.5,0.9,0.562,0.569,0.3,0.5,0.703,0.4,3.2,3.6,1.4,0.7,0.2,0.5,2.1,7.2,16.9,DAL,NA,NA,10
72,Alec Burks,SG,31,51,22,3.9,9,0.436,1.9,4.7,0.414,2,4.3,0.459,0.544,3,3.7,0.814,0.4,2.7,3.1,2.2,0.7,0.2,1.1,1.9,12.8,21.7,DET,NA,NA,10
73,Deonte Burton,SG,29,2,3,0,1,0,0,0.5,0,0,0.5,0,0,0,0,0,0,0,0,0,0,0,0,0,0,-1,SAC,NA,NA,10
74,Jared Butler,SG,22,6,12.8,2.5,5.3,0.469,1.2,2.3,0.5,1.3,3,0.444,0.578,0,0,0,0.2,0.5,0.7,1.3,0.8,0,0.8,0.8,6.2,12,OKC,NA,NA,10
75,Jimmy Butler,SF,33,64,33.4,7.5,13.9,0.539,0.6,1.6,0.35,6.9,12.3,0.564,0.56,7.4,8.7,0.85,2.2,3.7,5.9,5.3,1.8,0.3,1.6,1.3,22.9,45,MIA,NA,NA,10
76,John Butler,C,20,19,11.6,0.9,2.8,0.321,0.4,1.8,0.229,0.5,0.9,0.5,0.396,0.2,0.2,0.75,0.2,0.7,0.9,0.6,0.4,0.5,0.1,1.2,2.4,7.3,POR,NA,NA,10
77,Jamal Cain,SF,23,18,13.3,2.1,3.7,0.561,0.4,1.1,0.35,1.7,2.6,0.652,0.614,0.9,1.2,0.773,0.8,2.1,2.9,0.7,0.6,0.1,0.3,1.2,5.4,12.5,MIA,NA,NA,10
78,Kentavious Caldwell-Pope,SG,29,76,31.3,3.8,8.3,0.462,1.8,4.2,0.423,2.1,4.1,0.502,0.569,1.4,1.6,0.824,0.5,2.3,2.7,2.4,1.5,0.5,1.1,1.9,10.8,25,DEN,NA,NA,10
79,Facundo Campazzo,PG,31,8,6.5,0.4,1.6,0.231,0.4,1.4,0.273,0,0.3,0,0.346,0.1,0.3,0.5,0,0.3,0.3,1.1,0.8,0,0.4,0.4,1.3,5.6,DAL,NA,NA,10
80,Vlatko ?an?ar,PF,25,60,14.8,1.8,3.8,0.476,0.7,1.9,0.374,1.1,1.9,0.58,0.57,0.6,0.7,0.927,0.4,1.7,2.1,1.3,0.4,0.2,0.6,1.4,5,11.3,DEN,NA,NA,10
81,Clint Capela,C,28,65,26.6,5.4,8.2,0.653,0,0,0,5.4,8.2,0.654,0.653,1.2,2,0.603,4,7.1,11,0.9,0.7,1.2,0.8,2.1,12,32.6,ATL,NA,NA,10
82,Vernon Carey Jr.,C,21,11,2.5,0.2,0.7,0.25,0,0,0,0.2,0.7,0.25,0.25,0.2,0.2,1,0.3,0.7,1,0.3,0.2,0.2,0.2,0.5,0.5,3,WAS,NA,NA,10
83,Jevon Carter,PG,27,81,22.3,3,7,0.423,1.8,4.2,0.421,1.2,2.8,0.425,0.549,0.4,0.5,0.816,0.4,2.1,2.5,2.4,0.8,0.4,1,2,8,18.8,MIL,NA,NA,10
84,Wendell Carter Jr.,C,23,57,29.6,5.6,10.8,0.525,1.4,3.9,0.356,4.2,6.8,0.624,0.591,2.5,3.4,0.738,2.1,6.6,8.7,2.3,0.5,0.6,1.9,2.8,15.2,30,ORL,NA,NA,10
85,Michael Carter-Williams,PG,31,4,11,1.5,3.5,0.429,0.3,0.8,0.333,1.3,2.8,0.455,0.464,1,1.8,0.571,0.3,1,1.3,1.8,0.3,0.3,1,1.3,4.3,8.6,ORL,NA,NA,10
86,Alex Caruso,PG,28,67,23.5,1.9,4.3,0.455,0.8,2.3,0.364,1.1,2,0.556,0.551,0.9,1.1,0.808,0.6,2.3,2.9,2.9,1.5,0.7,1.1,2.4,5.6,21,CHI,NA,NA,10
87,Julian Champagnie,SF,21,17,18.8,3.5,7.6,0.454,1.9,4.8,0.402,1.5,2.8,0.542,0.581,0.8,1,0.824,0.6,2.9,3.5,0.6,0.4,0.3,0.6,1.5,9.7,17.1,SAS,NA,NA,10
88,Justin Champagnie,SF,21,5,6.8,1,3,0.333,0.2,1,0.2,0.8,2,0.4,0.367,0,0,0,0.6,1,1.6,0.8,0.2,0,0,0.4,2.2,5.4,BOS,NA,NA,10
89,Kennedy Chandler,PG,20,36,7.8,1,2.3,0.422,0.1,0.4,0.133,0.9,1.9,0.485,0.434,0.2,0.4,0.462,0.3,0.8,1.1,1.6,0.3,0.1,0.5,0.4,2.2,6.7,MEM,NA,NA,10
90,Max Christie,SG,19,41,12.5,1.1,2.6,0.415,0.6,1.5,0.419,0.4,1.1,0.409,0.538,0.3,0.4,0.875,0.2,1.7,1.8,0.5,0.2,0.2,0.3,0.8,3.1,7,LAL,NA,NA,10
91,Josh Christopher,SG,21,64,12.3,2.4,5.1,0.465,0.3,1.4,0.236,2.1,3.8,0.55,0.497,0.7,0.9,0.75,0.3,0.8,1.1,1.1,0.5,0.2,0.9,0.9,5.8,9.9,HOU,NA,NA,10
92,Brandon Clarke,PF,26,56,19.5,4.1,6.2,0.656,0,0.1,0.167,4.1,6.1,0.665,0.658,1.8,2.4,0.723,1.6,3.9,5.5,1.3,0.6,0.7,1,2.3,10,22.7,MEM,NA,NA,10
93,Jordan Clarkson,SG,30,61,32.6,7.5,16.9,0.444,2.5,7.5,0.338,5,9.4,0.53,0.519,3.3,4,0.816,1.2,2.9,4,4.4,0.5,0.2,3,2,20.8,30.3,UTA,NA,NA,10
94,Nic Claxton,C,23,76,29.9,5.4,7.7,0.705,0,0,0,5.4,7.7,0.708,0.705,1.8,3.2,0.541,2.4,6.8,9.2,1.9,0.9,2.5,1.3,2.8,12.6,38.3,BRK,NA,NA,10
95,Amir Coffey,SG,25,50,12.5,1.1,2.9,0.386,0.2,0.8,0.275,0.9,2.1,0.429,0.424,1,1.3,0.778,0.3,0.7,1.1,1.1,0.1,0.1,0.4,1,3.4,5.9,LAC,NA,NA,10
96,John Collins,PF,25,71,30,5.1,10,0.508,1,3.4,0.292,4.1,6.6,0.619,0.557,2,2.5,0.803,1.1,5.4,6.5,1.2,0.6,1,1.1,3.1,13.1,26.9,ATL,NA,NA,10
97,Zach Collins,C,25,63,22.9,4.5,8.7,0.518,0.9,2.3,0.374,3.6,6.4,0.571,0.568,1.7,2.3,0.761,1.8,4.5,6.4,2.9,0.6,0.8,2,3.2,11.6,26,SAS,NA,NA,10
98,Chance Comanche,C,26,1,21,3,5,0.6,0,0,0,3,5,0.6,0.6,1,4,0.25,2,1,3,0,0,1,0,0,7,12,POR,NA,NA,10
99,Mike Conley,PG,35,67,30.3,3.9,9.1,0.428,2,5.2,0.385,1.9,3.9,0.486,0.539,2.1,2.5,0.834,0.5,2.2,2.7,6.7,1.1,0.2,1.5,2.1,11.9,30.5,MIN,NA,NA,10
100,Pat Connaughton,SG,30,61,23.7,2.7,6.9,0.392,1.8,5.3,0.339,0.9,1.6,0.566,0.521,0.4,0.7,0.659,0.8,3.8,4.6,1.3,0.6,0.2,0.5,1.1,7.6,17,MIL,NA,NA,10
101,Xavier Cooks,PF,27,10,12.6,1.7,2.8,0.607,0,0.1,0,1.7,2.7,0.63,0.607,0.4,1,0.4,1.6,2.2,3.8,0.6,0.6,0.4,0.8,1.3,3.8,11.2,WAS,NA,NA,10
102,Robert Covington,PF,32,48,16.2,2.1,4.8,0.445,1.1,2.8,0.397,1,1.9,0.516,0.563,0.6,0.8,0.75,0.6,2.8,3.5,1.2,0.8,0.7,0.7,1.8,6,16.8,LAC,NA,NA,10
103,Torrey Craig,SF,32,79,24.7,2.9,6.3,0.456,1.3,3.2,0.395,1.6,3.1,0.518,0.556,0.4,0.6,0.711,1.8,3.6,5.4,1.5,0.6,0.8,0.9,2.3,7.4,20.2,PHO,NA,NA,10
104,Jae Crowder,SF,32,18,18.9,2.5,5.2,0.479,1.3,3.1,0.436,1.2,2.2,0.538,0.606,0.6,0.7,0.833,0.9,2.9,3.8,1.5,0.7,0.3,0.4,1.5,6.9,17.9,MIL,NA,NA,10
105,Jarrett Culver,SG,23,10,13.7,1.7,4.3,0.395,0.1,1.2,0.083,1.6,3.1,0.516,0.407,0.9,1.3,0.692,1,2.8,3.8,0.6,0.6,0.2,0.7,1.4,4.4,10,ATL,NA,NA,10
106,Cade Cunningham,PG,21,12,33.3,7.8,18.7,0.415,1.4,5.1,0.279,6.3,13.6,0.466,0.453,3,3.6,0.837,1,5.2,6.2,6,0.8,0.6,3.3,2.8,19.9,34.8,DET,NA,NA,10
107,Seth Curry,SG,32,61,19.9,3.4,7.4,0.463,1.5,3.8,0.405,1.9,3.6,0.525,0.568,0.8,0.9,0.927,0.2,1.4,1.6,1.6,0.6,0.1,0.8,1.6,9.2,16,BRK,NA,NA,10
108,Stephen Curry,PG,34,56,34.7,10,20.2,0.493,4.9,11.4,0.427,5.1,8.8,0.579,0.614,4.6,5,0.915,0.7,5.4,6.1,6.3,0.9,0.4,3.2,2.1,29.4,51.2,GSW,NA,NA,10
109,Dyson Daniels,PG,19,59,17.7,1.5,3.5,0.418,0.5,1.5,0.314,1,2.1,0.492,0.483,0.4,0.7,0.65,0.6,2.6,3.2,2.3,0.7,0.2,1,1.7,3.8,12.9,NOP,NA,NA,10
110,Anthony Davis,C,29,56,34,9.7,17.2,0.563,0.3,1.3,0.257,9.3,15.9,0.589,0.573,6.2,7.9,0.784,3.5,9.1,12.5,2.6,1.1,2,2.2,2.6,25.9,52.4,LAL,NA,NA,10
111,Johnny Davis,SG,20,28,15.1,2.4,6.1,0.386,0.6,2.5,0.243,1.8,3.6,0.485,0.436,0.5,1,0.519,0.4,2,2.3,1,0.4,0.3,0.6,1.7,5.8,10.5,WAS,NA,NA,10
112,Terence Davis,SG,25,64,13.1,2.4,5.7,0.423,1.4,3.8,0.366,1,1.9,0.537,0.545,0.5,0.7,0.791,0.3,1.9,2.2,1,0.7,0.2,0.8,1.6,6.7,13.2,SAC,NA,NA,10
113,JD Davison,PG,20,12,5.5,0.7,1.6,0.421,0.2,0.6,0.286,0.5,1,0.5,0.474,0.1,0.2,0.5,0.2,0.6,0.8,0.9,0.2,0.2,0.3,0.4,1.6,5.1,BOS,NA,NA,10
114,Darius Days,PF,23,4,6.3,1.3,3,0.417,0.8,2.5,0.3,0.5,0.5,1,0.542,0.5,0.5,1,0.3,1.3,1.5,0.3,0,0.3,0,0.5,3.8,7.5,HOU,NA,NA,10
115,Dewayne Dedmon,C,33,38,11.2,2,4,0.51,0.3,1,0.308,1.7,2.9,0.58,0.55,0.9,1.3,0.673,0.9,2.6,3.5,0.7,0.2,0.5,0.7,2,5.2,11.4,PHI,NA,NA,10
116,Matthew Dellavedova,PG,32,32,6.7,0.5,1.6,0.34,0.3,0.8,0.333,0.3,0.7,0.348,0.43,0.1,0.2,0.571,0,0.4,0.4,1.3,0.2,0,0.3,0.6,1.5,4.3,SAC,NA,NA,10
117,DeMar DeRozan,SF,33,74,36.2,8.9,17.6,0.504,0.6,1.9,0.324,8.3,15.7,0.526,0.522,6.2,7.1,0.872,0.5,4.2,4.6,5.1,1.1,0.5,2.1,2.5,24.5,41.4,CHI,NA,NA,10
118,Moussa Diabaté,PF,21,22,8.9,1.1,2.1,0.511,0,0.1,0.5,1,2,0.511,0.521,0.5,0.7,0.625,1.4,0.9,2.3,0.2,0.3,0.4,0.4,0.7,2.7,7.3,LAC,NA,NA,10
119,Mamadi Diakite,PF,26,22,8,1.1,2.3,0.48,0.3,1,0.333,0.8,1.3,0.586,0.55,0.1,0.1,1,0.4,1,1.4,0.4,0.2,0.4,0.5,1.2,2.6,6.4,CLE,NA,NA,10
120,Hamidou Diallo,SG,24,56,17.8,3.8,6.7,0.573,0.1,0.4,0.238,3.8,6.3,0.593,0.58,1.6,2.6,0.588,1,2.4,3.5,1,0.9,0.3,1.3,2.2,9.3,17,DET,NA,NA,10
121,Gorgui Dieng,C,33,31,11.5,1.5,3.8,0.385,0.7,2.4,0.28,0.8,1.4,0.571,0.474,0.3,0.4,0.769,0.9,2.6,3.5,1.7,0.1,0.5,1,1.8,3.9,11,SAS,NA,NA,10
122,Ousmane Dieng,SF,19,39,14.6,1.9,4.6,0.42,0.7,2.5,0.265,1.3,2.1,0.602,0.492,0.4,0.6,0.652,0.5,2.2,2.7,1.2,0.4,0.2,0.7,1.1,4.9,10.7,OKC,NA,NA,10
123,Spencer Dinwiddie,PG,29,79,34.5,5.8,13.3,0.438,2.3,6.2,0.369,3.5,7.1,0.498,0.524,3.4,4.2,0.812,0.4,3.1,3.4,6.5,0.8,0.3,1.8,2.4,17.3,34.3,BRK,NA,NA,10
124,Donte DiVincenzo,SG,26,72,26.3,3.3,7.5,0.435,2.1,5.3,0.397,1.2,2.3,0.525,0.574,0.8,1,0.817,1.1,3.4,4.5,3.5,1.3,0.1,1.6,1.8,9.4,24.3,GSW,NA,NA,10
125,Luka Don?i?,PG,23,66,36.2,10.9,22,0.496,2.8,8.2,0.342,8.1,13.8,0.588,0.56,7.8,10.5,0.742,0.8,7.8,8.6,8,1.4,0.5,3.6,2.5,32.4,57.3,DAL,NA,NA,10
126,Tyler Dorsey,SG,26,3,2.7,1.3,1.7,0.8,0.3,0.7,0.5,1,1,1,0.9,0,0,0,0.3,0.3,0.7,0,0,0,0,0,3,4.9,DAL,NA,NA,10
127,Luguentz Dort,SG,23,74,30.7,4.6,11.8,0.388,1.8,5.5,0.33,2.8,6.3,0.44,0.466,2.7,3.5,0.772,1.7,2.9,4.6,2.1,1,0.3,1.2,3.3,13.7,23.7,OKC,NA,NA,10
128,Ayo Dosunmu,SG,23,80,26.2,3.5,7.1,0.493,0.7,2.4,0.312,2.8,4.8,0.583,0.545,0.8,1,0.805,0.6,2.2,2.8,2.6,0.8,0.3,1.2,2.3,8.6,19,CHI,NA,NA,10
129,Devon Dotson,PG,23,6,8.8,0.2,1.7,0.1,0.2,0.7,0.25,0,1,0,0.15,0,0,0,1,0.7,1.7,1.3,0.8,0,0.5,1.5,0.5,5.9,WAS,NA,NA,10
130,Jeff Dowtin,PG,25,25,10.4,1,2.3,0.439,0.2,0.6,0.313,0.8,1.6,0.488,0.482,0.2,0.4,0.667,0.2,0.7,0.9,1.2,0.4,0.1,0.2,0.5,2.4,7,TOR,NA,NA,10
131,PJ Dozier,SG,26,16,4.9,0.6,2.1,0.303,0.1,1,0.125,0.5,1.1,0.471,0.333,0,0,0,0.1,0.8,0.9,0.6,0.4,0.1,0.3,0.4,1.4,4.1,SAC,NA,NA,10
132,Goran Dragi?,PG,36,58,15,2.4,5.8,0.421,0.9,2.5,0.359,1.5,3.3,0.468,0.499,0.5,0.8,0.689,0.3,1.1,1.4,2.6,0.2,0.1,1.1,1.1,6.3,11.5,MIL,NA,NA,10
133,Andre Drummond,C,29,67,12.7,2.5,4.1,0.606,0,0,0,2.5,4,0.613,0.606,1,1.9,0.536,2.1,4.6,6.6,0.5,0.7,0.4,1.1,1.7,6,15.8,CHI,NA,NA,10
134,Chris Duarte,SF,25,46,19.5,2.7,7.2,0.369,1.2,3.8,0.316,1.5,3.5,0.428,0.452,1.3,1.6,0.847,0.4,2.1,2.5,1.4,0.5,0.2,0.9,1.4,7.9,13.3,IND,NA,NA,10
135,David Duke Jr.,SG,23,23,9.9,1.6,3.4,0.462,0,0.5,0.083,1.5,2.9,0.53,0.468,0.5,0.7,0.706,0.5,0.8,1.3,0.9,0.4,0,0.8,1.3,3.7,6.4,BRK,NA,NA,10
136,Kris Dunn,PG,28,22,25.8,5.3,9.8,0.537,0.8,1.6,0.472,4.5,8.2,0.55,0.576,1.9,2.4,0.774,0.4,4.1,4.5,5.6,1.1,0.5,1.6,2.6,13.2,33.2,UTA,NA,NA,10
137,Kevin Durant,PF-SF,34,47,35.6,10.3,18.3,0.56,2,4.9,0.404,8.3,13.4,0.617,0.614,6.5,7.1,0.919,0.4,6.3,6.7,5,0.7,1.4,3.3,2.1,29.1,51.3,PHO,NA,NA,10
138,Jalen Duren,C,19,67,24.9,3.9,5.9,0.648,0,0,0,3.9,5.9,0.652,0.648,1.4,2.3,0.611,3.4,5.5,8.9,1.1,0.7,0.9,1.4,2.7,9.1,24.8,DET,NA,NA,10
139,Tari Eason,PF,21,82,21.5,3.6,8,0.448,0.7,2.1,0.343,2.9,6,0.486,0.493,1.3,1.8,0.752,2.4,3.7,6,1.1,1.2,0.6,1.2,2.3,9.3,21.7,HOU,NA,NA,10
140,Anthony Edwards,SG,21,79,36,8.9,19.5,0.459,2.7,7.3,0.369,6.3,12.2,0.513,0.528,4,5.3,0.756,0.6,5.2,5.8,4.4,1.6,0.7,3.3,2.4,24.6,41.5,MIN,90,NA,10
141,Kessler Edwards,SF,22,36,10.7,1,2.6,0.387,0.5,1.5,0.309,0.5,1.1,0.5,0.478,0.3,0.4,0.733,0.6,1.1,1.7,0.6,0.4,0.2,0.4,1.1,2.8,7.1,SAC,NA,NA,10
142,Keon Ellis,SG,23,16,4.4,0.4,1,0.438,0.4,0.8,0.5,0.1,0.3,0.25,0.625,0.3,0.4,0.571,0.3,0.3,0.5,0.4,0.3,0.1,0.1,0.6,1.5,4.3,SAC,NA,NA,10
143,Joel Embiid,C,28,66,34.6,11,20.1,0.548,1,3,0.33,10,17.1,0.587,0.573,10,11.7,0.857,1.7,8.4,10.2,4.2,1,1.7,3.4,3.1,33.1,56.9,PHI,NA,NA,10
144,Drew Eubanks,C,25,78,20.3,2.7,4.3,0.641,0.1,0.2,0.389,2.7,4.1,0.655,0.651,1.1,1.6,0.664,1.7,3.7,5.4,1.3,0.5,1.3,0.9,2.2,6.6,20.7,POR,NA,NA,10
145,Bruno Fernando,C,24,39,10.4,1.5,2.9,0.527,0,0.1,0,1.5,2.8,0.546,0.527,0.9,1.3,0.7,1.4,2.1,3.5,0.8,0.2,0.9,0.6,1.9,3.9,11.9,ATL,NA,NA,10
146,Dorian Finney-Smith,PF,29,66,30.4,3,7.6,0.391,1.7,5.1,0.337,1.2,2.5,0.503,0.505,0.7,0.9,0.763,1.7,3.1,4.8,1.5,0.8,0.5,0.9,2.2,8.3,19.4,BRK,NA,NA,10
147,Malachi Flynn,PG,24,53,13,1.6,4.6,0.36,0.9,2.5,0.353,0.8,2.1,0.367,0.457,0.5,0.6,0.758,0.3,1.2,1.4,1.3,0.4,0.1,0.5,1.2,4.6,9,TOR,NA,NA,10
148,Simone Fontecchio,SF,27,52,14.7,2.2,6,0.369,1.2,3.7,0.33,1,2.3,0.43,0.47,0.7,0.8,0.795,0.6,1.1,1.7,0.8,0.3,0.2,0.8,1.2,6.3,9.5,UTA,NA,NA,10
149,Bryn Forbes,SG,29,25,10.7,1.2,3.3,0.361,0.6,1.8,0.304,0.6,1.5,0.432,0.446,0.6,0.6,1,0.2,0.4,0.6,0.7,0.3,0.1,0.5,0.9,3.6,5.9,MIN,NA,NA,10
150,Trent Forrest,PG,24,23,12,1.1,2.6,0.417,0,0.1,0,1.1,2.5,0.431,0.417,0.1,0.1,0.667,0.2,1.4,1.6,1.7,0.3,0.1,0.7,0.7,2.3,7.1,ATL,NA,NA,10
151,Michael Foster Jr.,PF,20,1,1,0,0,0,0,0,0,0,0,0,0,0,0,0,0,0,0,0,0,0,0,0,0,0,PHI,NA,NA,10
152,Evan Fournier,SG,30,27,17,2.1,6.1,0.337,1.3,4.2,0.307,0.8,1.9,0.404,0.443,0.7,0.8,0.857,0.1,1.7,1.8,1.3,0.6,0.1,0.8,1.7,6.1,11,NYK,NA,NA,10
153,De'Aaron Fox,PG,25,73,33.4,9.3,18.2,0.512,1.6,5,0.324,7.7,13.2,0.584,0.557,4.7,6,0.78,0.5,3.6,4.2,6.1,1.1,0.3,2.5,2.4,25,42.7,SAC,NA,NA,10
154,Markelle Fultz,PG,24,60,29.6,5.8,11.3,0.514,0.5,1.5,0.31,5.4,9.9,0.544,0.534,1.9,2.4,0.783,1.2,2.8,3.9,5.7,1.5,0.4,2.3,2.2,14,32.6,ORL,NA,NA,10
155,Wenyen Gabriel,PF,25,68,15.1,2.3,3.8,0.596,0.1,0.5,0.278,2.1,3.3,0.647,0.615,0.8,1.2,0.619,1.7,2.5,4.2,0.5,0.4,0.5,0.7,2.1,5.5,13.4,LAL,NA,NA,10
156,Daniel Gafford,C,24,78,20.6,3.7,5.1,0.732,0,0,0,3.7,5.1,0.732,0.732,1.6,2.4,0.679,2.1,3.5,5.6,1.1,0.4,1.3,1.1,2.4,9,22.9,WAS,NA,NA,10
157,Darius Garland,PG,23,69,35.5,7.6,16.4,0.462,2.4,6,0.41,5.1,10.4,0.492,0.537,4,4.7,0.863,0.4,2.3,2.7,7.8,1.2,0.1,2.9,2.1,21.6,39.8,CLE,NA,NA,10
158,Usman Garuba,PF,20,75,12.9,1.1,2.4,0.486,0.3,0.8,0.407,0.8,1.6,0.525,0.554,0.4,0.6,0.617,1.6,2.5,4.1,0.9,0.6,0.4,0.6,1.8,3,11.6,HOU,NA,NA,10
159,Luka Garza,C,24,28,8.7,2.3,4.1,0.543,0.5,1.4,0.359,1.8,2.8,0.636,0.603,1.5,1.9,0.788,1.2,1.1,2.3,0.6,0.1,0.1,0.5,1.5,6.5,10.4,MIN,NA,NA,10
160,Rudy Gay,PF,36,56,14.6,1.9,5.1,0.38,0.6,2.3,0.254,1.4,2.8,0.484,0.437,0.8,0.9,0.857,0.6,2.3,2.9,1,0.3,0.3,0.7,1.2,5.2,10.3,UTA,NA,NA,10
161,Paul George,SG,32,56,34.6,8.2,17.9,0.457,2.8,7.6,0.371,5.4,10.3,0.521,0.536,4.6,5.3,0.871,0.8,5.3,6.1,5.1,1.5,0.4,3.1,2.8,23.8,42.1,LAC,NA,NA,10
162,Taj Gibson,C,37,49,9.8,1.3,2.6,0.52,0.2,0.5,0.333,1.2,2.1,0.564,0.552,0.6,0.9,0.714,0.7,1.2,1.9,0.7,0.3,0.2,0.5,1.7,3.4,7.6,WAS,NA,NA,10
163,Josh Giddey,SG,20,76,31.1,7.1,14.7,0.482,1,3.1,0.325,6.1,11.6,0.524,0.516,1.4,1.9,0.731,1.9,5.9,7.9,6.2,0.8,0.4,2.8,1.9,16.6,36.1,OKC,NA,NA,10
164,Shai Gilgeous-Alexander,PG,24,68,35.5,10.4,20.3,0.51,0.9,2.5,0.345,9.5,17.8,0.533,0.531,9.8,10.9,0.905,0.9,4,4.8,5.5,1.6,1,2.8,2.8,31.4,52.3,OKC,NA,NA,10
165,Anthony Gill,PF,30,59,10.6,1.2,2.2,0.538,0.1,0.5,0.138,1.1,1.7,0.65,0.553,0.8,1.1,0.731,0.6,1.1,1.7,0.6,0.1,0.2,0.3,1.2,3.3,6.8,WAS,NA,NA,10
166,Jacob Gilyard,PG,24,1,41,1,3,0.333,1,3,0.333,0,0,0,0.5,0,0,0,0,4,4,7,3,0,2,3,3,29,MEM,NA,NA,10
167,Rudy Gobert,C,30,70,30.7,5.1,7.8,0.659,0,0,0,5.1,7.8,0.663,0.659,3.1,4.9,0.644,3.3,8.3,11.6,1.2,0.8,1.4,1.7,3,13.4,33.4,MIN,NA,NA,10
168,Jordan Goodwin,PG,24,62,17.8,2.5,5.7,0.448,0.6,1.9,0.322,1.9,3.8,0.511,0.501,0.9,1.1,0.768,0.9,2.4,3.3,2.7,0.9,0.4,0.9,1.5,6.6,18.4,WAS,NA,NA,10
169,Aaron Gordon,PF,27,68,30.2,6.3,11.2,0.564,0.9,2.5,0.347,5.4,8.6,0.628,0.603,2.8,4.6,0.608,2.4,4.1,6.6,3,0.8,0.8,1.4,1.9,16.3,33,DEN,NA,NA,10
170,Eric Gordon,SG,34,69,28.5,4.2,9.5,0.446,1.9,5.2,0.371,2.3,4.3,0.535,0.547,2.1,2.5,0.821,0.2,1.7,1.9,2.7,0.6,0.4,1.5,1.1,12.4,21.1,LAC,NA,NA,10
171,Devonte' Graham,PG,27,73,18.3,2.2,5.9,0.374,1.6,4.6,0.352,0.6,1.3,0.452,0.512,1.3,1.8,0.748,0.3,1.4,1.7,2.7,0.6,0.2,0.7,1.1,7.4,15.9,SAS,NA,NA,10
172,Jerami Grant,PF,28,63,35.7,6.9,14.5,0.475,2.3,5.7,0.401,4.6,8.8,0.523,0.554,4.4,5.4,0.813,0.8,3.7,4.5,2.4,0.8,0.8,1.8,2.4,20.5,33.2,POR,NA,NA,10
173,RaiQuan Gray,PF,23,1,35,6,12,0.5,2,5,0.4,4,7,0.571,0.583,2,2,1,3,6,9,7,0,1,4,5,16,37,BRK,NA,NA,10
174,A.J. Green,SG,23,35,9.9,1.5,3.6,0.424,1.3,3,0.419,0.3,0.6,0.45,0.6,0.1,0.1,1,0.2,1.1,1.3,0.6,0.2,0,0.3,0.9,4.4,7.8,MIL,NA,NA,10
175,Danny Green,SG,35,11,12.5,2,4.5,0.449,1.5,3.4,0.432,0.5,1.1,0.5,0.612,0.1,0.1,1,0.3,1,1.3,0.5,0.5,0.3,0.9,1.5,5.5,10.2,CLE,NA,NA,10
176,Draymond Green,PF,32,73,31.5,3.4,6.5,0.527,0.5,1.8,0.305,2.9,4.7,0.612,0.57,1.1,1.5,0.713,0.9,6.3,7.2,6.8,1,0.8,2.8,3.1,8.5,31.3,GSW,NA,NA,10
177,Jalen Green,SG,20,76,34.2,7.4,17.9,0.416,2.5,7.3,0.338,5,10.6,0.471,0.485,4.8,6.1,0.786,0.6,3.2,3.7,3.7,0.8,0.2,2.6,1.7,22.1,30.1,HOU,NA,NA,10
178,JaMychal Green,PF,32,57,14,2.4,4.4,0.54,0.7,1.9,0.378,1.6,2.5,0.667,0.623,0.9,1.2,0.776,1.3,2.3,3.6,0.9,0.4,0.4,0.9,1.8,6.4,14,GSW,NA,NA,10
179,Javonte Green,SG,29,32,15,1.9,3.4,0.565,0.4,1.1,0.371,1.5,2.3,0.658,0.625,0.9,1.4,0.667,0.8,1.9,2.8,0.7,0.8,0.7,0.6,1.6,5.2,14.5,CHI,NA,NA,10
180,Jeff Green,PF,36,56,19.5,2.9,5.9,0.488,0.5,1.9,0.288,2.3,4,0.58,0.534,1.6,2.1,0.744,0.7,1.9,2.6,1.2,0.3,0.3,0.8,1.8,7.8,13.5,DEN,NA,NA,10
181,Josh Green,SG,22,60,25.7,3.4,6.4,0.537,1.1,2.8,0.402,2.3,3.6,0.643,0.626,1.1,1.6,0.723,0.9,2.1,3,1.7,0.7,0.1,1.2,2.6,9.1,17.3,DAL,NA,NA,10
182,AJ Griffin,SF,19,72,19.5,3.4,7.4,0.465,1.4,3.6,0.39,2,3.8,0.536,0.56,0.6,0.7,0.894,0.5,1.6,2.1,1,0.6,0.2,0.6,1.2,8.9,15.7,ATL,NA,NA,10
183,Blake Griffin,C,33,41,13.9,1.5,3.2,0.485,0.6,1.6,0.348,1,1.6,0.625,0.573,0.5,0.8,0.656,1.1,2.6,3.8,1.5,0.3,0.2,0.5,1.8,4.1,12,BOS,NA,NA,10
184,Quentin Grimes,SG,22,71,29.9,4,8.5,0.468,2.2,5.7,0.386,1.8,2.7,0.641,0.599,1.1,1.4,0.796,0.7,2.5,3.2,2.1,0.7,0.4,1,2.5,11.3,22.5,NYK,NA,NA,10
185,Rui Hachimura,PF,24,63,23.3,4.5,9.3,0.486,0.8,2.5,0.319,3.7,6.7,0.55,0.53,1.4,1.9,0.739,0.8,3.7,4.5,0.9,0.3,0.4,0.8,1.1,11.2,18.7,LAL,NA,NA,10
186,Tyrese Haliburton,PG,22,56,33.6,7.4,15,0.49,2.9,7.2,0.4,4.5,7.8,0.572,0.586,3.1,3.6,0.871,0.6,3.1,3.7,10.4,1.6,0.4,2.5,1.2,20.7,50.4,IND,NA,NA,10
187,Jordan Hall,SF,21,9,9.2,1,3.1,0.321,0.3,1.7,0.2,0.7,1.4,0.462,0.375,0.8,1,0.778,0.3,1,1.3,1.2,0.1,0,0.8,0.7,3.1,4.6,SAS,NA,NA,10
188,R.J. Hampton,PG,21,47,16,2.2,5,0.43,0.9,2.5,0.353,1.3,2.6,0.504,0.517,1.2,1.6,0.75,0.4,1.5,1.9,1.1,0.6,0.2,0.9,1.1,6.4,11.8,DET,NA,NA,10
189,Tim Hardaway Jr.,SG,30,71,30.3,4.8,11.9,0.401,3,7.7,0.385,1.8,4.2,0.431,0.527,1.8,2.3,0.77,0.3,3.2,3.5,1.8,0.7,0.2,0.8,1.7,14.4,23.7,DAL,NA,NA,10
190,James Harden,PG,33,58,36.8,6.4,14.5,0.441,2.8,7.2,0.385,3.6,7.3,0.495,0.536,5.4,6.2,0.867,0.7,5.4,6.1,10.7,1.2,0.5,3.4,1.9,21,48.8,PHI,NA,NA,10
191,Jaden Hardy,SG,20,48,14.8,3,6.9,0.438,1.3,3.3,0.404,1.7,3.7,0.469,0.533,1.4,1.6,0.823,0.2,1.6,1.9,1.4,0.4,0.1,1,1.3,8.8,13.7,DAL,NA,NA,10
192,Ron Harper Jr.,SF,22,9,5.3,0.9,1.8,0.5,0.3,1,0.333,0.6,0.8,0.714,0.594,0.1,0.1,1,0.3,0.4,0.8,0.4,0,0.1,0,0.3,2.2,4.5,TOR,NA,NA,10
193,Montrezl Harrell,C,29,57,11.9,2.2,3.7,0.598,0,0.1,0,2.2,3.6,0.616,0.598,1.2,1.8,0.693,1.2,1.6,2.8,0.6,0.3,0.4,0.6,1.3,5.6,11.3,PHI,NA,NA,10
194,Gary Harris,SG,28,48,24.7,2.9,6.4,0.45,2,4.5,0.431,0.9,1.9,0.494,0.603,0.6,0.6,0.9,0.4,1.6,2,1.2,0.9,0.3,0.6,1.9,8.3,17.7,ORL,NA,NA,10
195,Joe Harris,SG,31,74,20.6,2.7,5.9,0.457,1.9,4.5,0.426,0.8,1.4,0.551,0.618,0.2,0.4,0.643,0.3,1.9,2.2,1.4,0.5,0.2,0.6,1.9,7.6,15.4,BRK,NA,NA,10
196,Kevon Harris,SG,25,34,13.4,1.4,3.1,0.439,0.5,1.3,0.372,0.9,1.9,0.484,0.514,0.9,1.2,0.756,0.8,1.2,2.1,0.5,0.5,0.1,0.6,1.6,4.1,8.3,ORL,NA,NA,10
197,Tobias Harris,PF,30,74,32.9,5.7,11.4,0.501,1.7,4.4,0.389,4,7,0.57,0.575,1.5,1.7,0.876,0.9,4.8,5.7,2.5,0.9,0.5,1.2,2,14.7,30.1,PHI,NA,NA,10
198,Shaquille Harrison,SG,29,5,24,3,7.2,0.417,0.6,2,0.3,2.4,5.2,0.462,0.458,2.2,3,0.733,0.2,4.2,4.4,6,2.2,0.4,1.2,2.4,8.8,31.8,POR,NA,NA,10
199,Josh Hart,SF-SG,27,76,32.3,3.6,6.8,0.529,0.8,2.2,0.372,2.8,4.7,0.601,0.588,1.7,2.3,0.75,1.9,5.9,7.8,3.8,1.2,0.3,1.5,2.6,9.8,28.8,NYK,NA,NA,10
200,Isaiah Hartenstein,C,24,82,19.8,2.1,4,0.535,0.1,0.5,0.216,2,3.5,0.576,0.547,0.6,0.9,0.676,2.5,4,6.5,1.2,0.6,0.8,0.8,2.6,5,17.9,NYK,NA,NA,10
201,Udonis Haslem,C,42,7,10.1,1.4,4.1,0.345,0.4,1.3,0.333,1,2.9,0.35,0.397,0.6,0.7,0.8,0.6,1,1.6,0,0.1,0.3,0.1,1.6,3.9,5.9,MIA,NA,NA,10
202,Sam Hauser,PF,25,80,16.1,2.3,5,0.455,1.8,4.2,0.418,0.5,0.8,0.656,0.631,0.2,0.2,0.706,0.4,2.1,2.6,0.9,0.4,0.3,0.4,1.2,6.4,14.2,BOS,NA,NA,10
203,Jaxson Hayes,C,22,47,13,1.8,3.3,0.551,0.1,0.6,0.103,1.8,2.7,0.654,0.561,1.2,1.8,0.699,0.8,2,2.8,0.7,0.4,0.4,0.7,1.4,5,10.8,NOP,NA,NA,10
204,Killian Hayes,PG,21,76,28.3,4,10.7,0.377,1.1,3.8,0.28,3,7,0.429,0.426,1.2,1.5,0.821,0.4,2.5,2.9,6.2,1.4,0.4,2.3,2.9,10.3,26.3,DET,NA,NA,10
205,Gordon Hayward,SF,32,50,31.5,5.5,11.6,0.475,1,3.2,0.325,4.5,8.4,0.532,0.52,2.6,3.2,0.811,0.7,3.6,4.3,4.1,0.8,0.2,2,1.4,14.7,27,CHO,NA,NA,10
206,Juancho Hernangómez,PF,27,42,14.6,1.1,2.7,0.421,0.4,1.6,0.254,0.7,1.1,0.66,0.496,0.2,0.4,0.563,0.6,2.3,2.9,0.6,0.4,0.1,0.4,1,2.9,7.9,TOR,NA,NA,10
207,Willy Hernangómez,C,28,38,12.1,2.3,4.4,0.527,0.1,0.3,0.273,2.3,4.2,0.544,0.536,2.1,2.7,0.779,1.5,3.2,4.7,0.9,0.4,0.3,1,1.7,6.9,13.9,NOP,NA,NA,10
208,Tyler Herro,SG,23,67,34.9,7.3,16.6,0.439,3,8,0.378,4.2,8.5,0.497,0.531,2.5,2.7,0.934,0.4,5,5.4,4.2,0.8,0.2,2.4,1.5,20.1,33.9,MIA,NA,NA,10
209,Buddy Hield,SF,30,80,31,5.9,13,0.458,3.6,8.5,0.425,2.3,4.5,0.518,0.596,1.3,1.6,0.822,0.8,4.2,5,2.8,1.2,0.3,1.7,2,16.8,32.1,IND,NA,NA,10
210,Haywood Highsmith,SF,26,54,17.9,1.7,4,0.431,0.7,2,0.339,1,2,0.523,0.516,0.2,0.5,0.464,1.1,2.4,3.5,0.8,0.7,0.3,0.8,1.5,4.4,11.7,MIA,NA,NA,10
211,George Hill,PG,36,46,18.1,1.7,3.6,0.47,0.7,2.1,0.358,1,1.5,0.62,0.572,0.9,1.2,0.764,0.3,1.5,1.8,2.4,0.6,0.1,0.7,1.2,5,13.2,IND,NA,NA,10
212,Malcolm Hill,SF,27,5,1.8,0.4,0.8,0.5,0.2,0.6,0.333,0.2,0.2,1,0.625,0,0,0,0,0.6,0.6,0,0,0,0,0.2,1,1.8,CHI,NA,NA,10
213,Aaron Holiday,PG,26,63,13.4,1.5,3.5,0.418,0.6,1.4,0.409,0.9,2.1,0.424,0.5,0.4,0.5,0.844,0.4,0.8,1.2,1.4,0.6,0.2,0.6,1.3,3.9,9.9,ATL,NA,NA,10
214,Jrue Holiday,PG,32,67,32.6,7.3,15.3,0.479,2.4,6.1,0.384,5,9.1,0.542,0.556,2.3,2.6,0.859,1.2,3.9,5.1,7.4,1.2,0.4,2.9,1.7,19.3,41.2,MIL,NA,NA,10
215,Justin Holiday,SG,33,46,15.3,1.7,4.4,0.377,1,3.1,0.322,0.7,1.3,0.508,0.49,0.1,0.2,0.625,0.1,1.1,1.2,0.9,0.4,0.4,0.5,1.5,4.5,9.6,DAL,NA,NA,10
216,Richaun Holmes,C,29,42,8.3,1.3,2.1,0.618,0.1,0.2,0.625,1.2,1.9,0.617,0.646,0.4,0.5,0.789,0.7,1.2,1.9,0.2,0.1,0.3,0.3,1.2,3.1,6.9,SAC,NA,NA,10
217,Al Horford,C,36,63,30.5,3.6,7.6,0.476,2.3,5.2,0.446,1.3,2.4,0.539,0.627,0.2,0.3,0.714,1.2,5,6.2,3,0.5,1,0.6,1.9,9.8,28.6,BOS,NA,NA,10
218,Talen Horton-Tucker,SG,22,65,20.2,4,9.4,0.419,0.9,3.1,0.286,3.1,6.3,0.485,0.467,1.9,2.6,0.75,0.6,2.6,3.2,3.8,0.6,0.4,1.9,1.7,10.7,20.5,UTA,NA,NA,10
219,Danuel House Jr.,SF,29,56,14.4,1.7,3.5,0.472,0.7,2,0.336,1,1.6,0.644,0.566,0.8,1.1,0.75,0.2,1.5,1.7,0.8,0.3,0.2,0.5,1.2,4.8,9.4,PHI,NA,NA,10
220,Caleb Houstan,SF,20,51,15.9,1.3,3.6,0.363,0.9,2.7,0.338,0.4,0.9,0.435,0.489,0.3,0.4,0.833,0.7,1.3,1.9,0.6,0.2,0.1,0.4,1.2,3.8,7.1,ORL,NA,NA,10
221,Trevor Hudgins,PG,23,5,5.6,0.4,1.8,0.222,0.4,1.6,0.25,0,0.2,0,0.333,0.6,0.6,1,0,0,0,0.6,0,0,0.2,0.2,1.8,2,HOU,NA,NA,10
222,Kevin Huerter,SG,24,75,29.4,5.6,11.5,0.485,2.7,6.8,0.402,2.9,4.7,0.604,0.603,1.3,1.7,0.725,0.6,2.8,3.3,2.9,1.1,0.3,1.3,2.4,15.2,29.3,SAC,NA,NA,10
223,Jay Huff,C,24,7,13.6,2.1,3.6,0.6,0.9,1.7,0.5,1.3,1.9,0.692,0.72,2.1,2.3,0.938,0.9,2.1,3,1.4,0.4,0.6,0.7,2.1,7.3,17,WAS,NA,NA,10
224,De'Andre Hunter,SF,25,67,31.7,5.7,12.3,0.461,1.5,4.3,0.35,4.2,8,0.521,0.522,2.6,3.1,0.826,0.7,3.6,4.2,1.4,0.5,0.3,1.2,3,15.4,23.3,ATL,NA,NA,10
225,Bones Hyland,PG,22,56,19.4,4.1,10.2,0.399,2.1,5.6,0.371,2,4.6,0.434,0.502,1.5,1.8,0.843,0.4,2.1,2.4,3.1,0.7,0.3,1.5,1.7,11.8,21.2,LAC,NA,NA,10
226,Serge Ibaka,C,33,16,11.6,1.6,3.4,0.481,0.4,1.1,0.333,1.3,2.3,0.556,0.537,0.5,0.8,0.615,0.9,1.8,2.8,0.3,0.1,0.4,0.7,1.4,4.1,8,MIL,NA,NA,10
227,Andre Iguodala,SF,39,8,14.1,0.9,1.9,0.467,0.1,1.1,0.111,0.8,0.8,1,0.5,0.3,0.4,0.667,0.4,1.8,2.1,2.4,0.5,0.4,1.1,1.4,2.1,10.3,GSW,NA,NA,10
228,Joe Ingles,SF,35,46,22.7,2.3,5.4,0.435,1.8,4.4,0.409,0.5,1,0.556,0.603,0.4,0.5,0.857,0.3,2.5,2.8,3.3,0.7,0.1,1.2,1.6,6.9,18,MIL,NA,NA,10
229,Brandon Ingram,SF,25,45,34.2,9,18.6,0.484,1.4,3.6,0.39,7.6,14.9,0.507,0.522,5.3,6,0.882,0.5,5,5.5,5.8,0.7,0.4,3.3,2.6,24.7,39.7,NOP,NA,NA,10
230,Kyrie Irving,PG,30,60,37.4,9.9,20.1,0.494,3.1,8.3,0.379,6.8,11.8,0.574,0.572,4.1,4.6,0.905,1,4.1,5.1,5.5,1.1,0.8,2.1,2.8,27.1,48.9,DAL,NA,NA,10
231,Jonathan Isaac,PF,25,11,11.3,2,4.8,0.415,0.5,1.4,0.4,1.5,3.5,0.421,0.472,0.5,0.8,0.556,1.4,2.6,4,0.5,1.3,0.4,0.4,0.5,5,15.4,ORL,NA,NA,10
232,Jaden Ivey,SG,20,74,31.1,5.5,13.3,0.416,1.6,4.7,0.343,3.9,8.6,0.457,0.477,3.6,4.8,0.747,1,2.9,3.9,5.2,0.8,0.2,3.2,3.3,16.3,26.3,DET,NA,NA,10
233,Frank Jackson,PG,24,1,5,0,3,0,0,1,0,0,2,0,0,0,0,0,1,1,2,1,0,0,0,0,0,1,UTA,NA,NA,10
234,Isaiah Jackson,C,21,63,16.5,2.8,5,0.563,0,0.2,0.143,2.8,4.8,0.582,0.566,1.5,2.3,0.651,1.8,2.7,4.5,0.8,0.5,1.5,0.8,2.4,7.2,19.5,IND,NA,NA,10
235,Jaren Jackson Jr.,C,23,63,28.4,6.6,13,0.506,1.6,4.5,0.355,5,8.6,0.585,0.567,3.8,4.9,0.788,1.7,5,6.8,1,1,3,1.7,3.6,18.6,40.7,MEM,NA,NA,10
236,Justin Jackson,SF,27,23,4.7,0.3,1.2,0.259,0.2,0.9,0.25,0.1,0.3,0.286,0.352,0,0.1,0.5,0.1,0.7,0.7,0.4,0.2,0.2,0.1,0.3,0.9,3.3,BOS,NA,NA,10
237,Quenton Jackson,PG,24,9,15,2.1,4.7,0.452,0.1,1.3,0.083,2,3.3,0.6,0.464,1.9,2.4,0.773,0.2,0.7,0.9,1.7,0.4,0.1,0.4,1.1,6.2,10.8,WAS,NA,NA,10
238,Reggie Jackson,PG,32,68,24.4,3.9,9.4,0.411,1.4,4.2,0.333,2.5,5.2,0.474,0.486,1,1.1,0.91,0.4,1.8,2.1,3.4,0.7,0.1,1.7,1.7,10.2,18.6,DEN,NA,NA,10
239,LeBron James,PF,38,55,35.5,11.1,22.2,0.5,2.2,6.9,0.321,8.9,15.3,0.58,0.549,4.6,5.9,0.768,1.2,7.1,8.3,6.8,0.9,0.6,3.2,1.6,28.9,51.3,LAL,NA,NA,10
240,Ty Jerome,SG,25,45,18.1,2.6,5.4,0.488,0.8,2,0.389,1.8,3.4,0.546,0.56,0.8,0.9,0.927,0.2,1.6,1.7,3,0.5,0.1,0.7,1.4,6.9,16.1,GSW,NA,NA,10
241,Isaiah Joe,SG,23,73,19.1,3.1,7,0.441,2.2,5.4,0.409,0.9,1.6,0.553,0.599,1.1,1.4,0.82,0.4,2,2.4,1.2,0.7,0.1,0.5,1.4,9.5,17.6,OKC,NA,NA,10
242,Alize Johnson,PF,26,4,7.5,0.8,1.5,0.5,0,0.5,0,0.8,1,0.75,0.5,0.3,0.5,0.5,0.5,2,2.5,0.3,0.3,0,1,0.8,1.8,4,SAS,NA,NA,10
243,Cameron Johnson,PF,26,42,28.5,5.3,11.3,0.47,2.5,6.1,0.404,2.9,5.2,0.548,0.579,2.4,2.9,0.842,0.8,3.6,4.4,1.9,1.2,0.3,0.9,2,15.5,29.2,BRK,NA,NA,10
244,Jalen Johnson,SF,21,70,14.9,2.3,4.6,0.491,0.4,1.5,0.288,1.8,3.1,0.587,0.537,0.7,1.1,0.628,0.7,3.3,4,1.2,0.5,0.5,0.6,1.6,5.6,14.8,ATL,NA,NA,10
245,James Johnson,PF,35,18,9,1.2,2.7,0.449,0.2,0.8,0.2,1.1,1.9,0.559,0.48,0.2,0.4,0.5,0.2,1.4,1.7,0.8,0.4,0.3,0.4,1.8,2.8,7.8,IND,NA,NA,10
246,Keldon Johnson,SF,23,63,32.7,8,17.7,0.452,2.1,6.5,0.329,5.9,11.2,0.523,0.512,3.9,5.2,0.749,0.9,4.2,5,2.9,0.7,0.2,2.1,2,22,31.3,SAS,NA,NA,10
247,Keon Johnson,SG,20,40,10.4,1.7,4.5,0.376,0.7,2,0.346,1,2.4,0.402,0.455,0.7,1,0.659,0.3,0.8,1.1,1.5,0.5,0.2,1.1,1.1,4.7,8.7,POR,NA,NA,10
248,Stanley Johnson,SF,26,30,15.6,2.2,4.1,0.533,0.6,1.3,0.45,1.6,2.7,0.573,0.607,0.9,1.3,0.667,0.7,2.4,3.2,2.2,0.5,0.2,1.1,1.6,5.8,14.5,SAS,NA,NA,10
249,Nikola Joki?,C,27,69,33.7,9.4,14.8,0.632,0.8,2.2,0.383,8.5,12.7,0.675,0.66,4.9,6,0.822,2.4,9.4,11.8,9.8,1.3,0.7,3.6,2.5,24.5,60.4,DEN,NA,NA,10
250,Carlik Jones,PG,25,7,8,0.9,2.1,0.4,0.4,0.9,0.5,0.4,1.3,0.333,0.5,0.7,1.1,0.625,0.1,0.6,0.7,0.9,0.3,0,0.3,0.3,2.9,5.7,CHI,NA,NA,10
251,Damian Jones,C,27,41,11.6,1.3,2.1,0.64,0.2,0.4,0.588,1.1,1.7,0.652,0.698,0.5,0.7,0.759,1,2,3,0.4,0.2,0.5,0.6,1.3,3.5,9.4,UTA,NA,NA,10
252,Derrick Jones Jr.,SF,25,64,14,1.8,3.6,0.5,0.4,1.3,0.338,1.4,2.3,0.587,0.559,1,1.3,0.738,0.9,1.5,2.4,0.5,0.5,0.6,0.4,1.3,5,12.1,CHI,NA,NA,10
253,Herbert Jones,SF,24,66,29.6,3.6,7.6,0.469,0.8,2.5,0.335,2.7,5.1,0.536,0.525,1.9,2.4,0.764,1.5,2.6,4.1,2.5,1.6,0.6,1.3,3.2,9.8,25,NOP,NA,NA,10
254,Kai Jones,C,22,46,12,1.5,2.6,0.558,0.1,0.4,0.211,1.4,2.2,0.624,0.575,0.4,0.6,0.731,0.8,1.9,2.7,0.3,0.4,0.7,0.7,1.4,3.4,10,CHO,NA,NA,10
255,Tre Jones,PG,23,68,29.2,5,10.9,0.459,0.7,2.3,0.285,4.4,8.6,0.506,0.489,2.2,2.5,0.86,0.8,2.8,3.6,6.6,1.3,0.1,1.6,1.4,12.9,31.6,SAS,NA,NA,10
256,Tyus Jones,PG,26,80,24.3,3.9,8.9,0.438,1.5,4.1,0.371,2.4,4.8,0.495,0.523,1,1.3,0.8,0.4,2.2,2.5,5.2,1,0.1,0.9,0.4,10.3,25.9,MEM,NA,NA,10
257,DeAndre Jordan,C,34,39,15,2.3,2.9,0.765,0,0,1,2.2,2.9,0.763,0.77,0.6,1.2,0.458,1.3,3.8,5.2,0.9,0.3,0.6,1.2,1.8,5.1,14.4,DEN,NA,NA,10
258,Cory Joseph,PG,31,62,19.8,2.4,5.7,0.427,1.1,2.9,0.389,1.3,2.8,0.468,0.527,0.9,1.2,0.792,0.3,1.4,1.7,3.5,0.5,0.1,0.9,1.4,6.9,16.1,DET,NA,NA,10
259,Nikola Jovi?,PF,19,15,13.6,1.9,4.6,0.406,0.5,2.3,0.229,1.3,2.3,0.588,0.464,1.2,1.3,0.947,0.6,1.5,2.1,0.7,0.5,0.1,0.7,1.3,5.5,9.6,MIA,NA,NA,10
260,Johnny Juzang,SF,21,18,12.9,1.9,5.8,0.337,0.8,3.5,0.238,1.1,2.3,0.488,0.409,0.1,0.2,0.5,0.4,1.7,2.2,0.4,0.2,0.2,0.2,0.7,4.8,7.7,UTA,NA,NA,10
261,Mfiondu Kabengele,PF,25,4,9,0.5,1.8,0.286,0,0.8,0,0.5,1,0.5,0.286,0.5,0.5,1,1.3,1.3,2.5,0,0.5,0,0.3,0.8,1.5,4.6,BOS,NA,NA,10
262,Frank Kaminsky,C,29,36,6.5,0.9,1.8,0.492,0.4,0.9,0.394,0.5,0.8,0.6,0.595,0.4,0.4,0.875,0.2,1.3,1.4,0.9,0.2,0.1,0.3,0.6,2.5,6.7,HOU,NA,NA,10
263,Trevor Keels,SG,19,3,2.7,0.3,1.3,0.25,0.3,1.3,0.25,0,0,0,0.375,0,0,0,0,0.7,0.7,0,0,0,0,0,1,1.3,NYK,NA,NA,10
264,Luke Kennard,SG,26,59,22.3,3.2,6.5,0.492,2.3,4.6,0.494,0.9,1.9,0.487,0.666,0.6,0.7,0.949,0.3,2.4,2.7,1.5,0.5,0.1,0.8,1.4,9.3,17.9,MEM,NA,NA,10
265,Walker Kessler,C,21,74,23,4,5.6,0.72,0,0,0.333,4,5.6,0.723,0.721,1.1,2.1,0.516,3.1,5.3,8.4,0.9,0.4,2.3,0.8,2.3,9.2,30,UTA,NA,NA,10
266,Braxton Key,SF,25,3,3,0.3,0.3,1,0,0,0,0.3,0.3,1,1,0.7,0.7,1,0,0.3,0.3,0,0,0,0,0,1.3,1.9,DET,NA,NA,10
267,Louis King,SF,23,1,29,8,13,0.615,4,8,0.5,4,5,0.8,0.769,0,1,0,2,2,4,2,1,0,2,4,20,34,PHI,NA,NA,10
268,Corey Kispert,SF,23,74,28.3,3.9,7.9,0.497,2.2,5.2,0.424,1.7,2.7,0.637,0.637,1,1.2,0.852,0.4,2.4,2.8,1.2,0.4,0.1,0.7,1.3,11.1,18.8,WAS,NA,NA,10
269,Maxi Kleber,C,31,37,25.1,2.1,4.6,0.456,1.1,3,0.348,1,1.5,0.667,0.571,0.7,1,0.711,0.8,2.8,3.6,1.4,0.3,0.8,0.7,2.3,5.9,15.7,DAL,NA,NA,10
270,Nathan Knight,PF,25,38,7.7,1.2,2.1,0.568,0.2,0.6,0.364,1,1.6,0.644,0.617,1,1.5,0.684,0.6,0.9,1.5,0.3,0.3,0.2,0.6,1.1,3.7,6.6,MIN,NA,NA,10
271,Kevin Knox,PF-SF,23,63,15.1,2.4,5.3,0.458,1,3,0.349,1.4,2.3,0.596,0.556,0.7,1,0.767,0.5,2.3,2.8,0.5,0.4,0.2,0.8,1.5,6.6,11.4,POR,NA,NA,10
272,Christian Koloko,C,22,58,13.8,1.2,2.6,0.48,0,0.2,0.083,1.2,2.4,0.514,0.483,0.6,1,0.627,1.4,1.5,2.9,0.5,0.4,1,0.3,2.2,3.1,11.4,TOR,NA,NA,10
273,John Konchar,SG,26,72,20.8,1.9,4.4,0.431,0.8,2.5,0.339,1.1,2,0.545,0.525,0.4,0.5,0.778,0.9,3.4,4.3,1.4,1.1,0.3,0.5,1.6,5.1,16.9,MEM,NA,NA,10
274,Furkan Korkmaz,SG,25,37,9.5,1.3,3,0.432,0.5,1.2,0.391,0.8,1.8,0.462,0.514,0.7,1,0.722,0.2,1,1.1,0.6,0.3,0.1,0.6,0.5,3.8,6.3,PHI,NA,NA,10
275,Luke Kornet,C,27,69,11.7,1.6,2.5,0.665,0,0.2,0.231,1.6,2.3,0.701,0.674,0.5,0.6,0.821,1.2,1.6,2.9,0.8,0.2,0.7,0.4,1.2,3.8,11.7,BOS,NA,NA,10
276,Vit Krejci,PG,22,29,5.7,0.5,1.3,0.405,0.2,0.7,0.238,0.3,0.6,0.625,0.473,0,0.1,0.5,0.2,0.7,0.9,0.6,0.2,0,0.2,0.6,1.2,3.5,ATL,NA,NA,10
277,Jonathan Kuminga,PF,20,67,20.8,3.9,7.4,0.525,0.8,2.2,0.37,3.1,5.2,0.59,0.579,1.3,2.1,0.652,1,2.4,3.4,1.9,0.6,0.5,1.4,2.3,9.9,19.1,GSW,NA,NA,10
278,Kyle Kuzma,PF,27,64,35,8,17.8,0.448,2.5,7.5,0.333,5.5,10.3,0.533,0.518,2.7,3.7,0.73,0.9,6.4,7.2,3.7,0.6,0.5,3,2.3,21.2,33.9,WAS,NA,NA,10
279,Anthony Lamb,SF,25,62,19.3,2.4,5.1,0.471,1.2,3.2,0.367,1.2,1.9,0.652,0.588,0.7,1,0.767,0.9,2.6,3.5,1.5,0.5,0.3,0.9,2.2,6.7,15.2,GSW,NA,NA,10
280,Jock Landale,C,27,69,14.2,2.6,4.9,0.528,0.3,1.2,0.25,2.3,3.7,0.621,0.559,1.1,1.5,0.752,1.7,2.3,4.1,1,0.2,0.4,0.9,1.8,6.6,13.5,PHO,NA,NA,10
281,Romeo Langford,SG,23,43,19.6,2.8,6,0.467,0.4,1.4,0.262,2.4,4.6,0.53,0.498,0.9,1.3,0.696,1.3,1.3,2.7,1.2,0.6,0.3,0.7,1.6,6.9,13.8,SAS,NA,NA,10
282,Jake LaRavia,PF,21,35,11.8,1.1,2.7,0.389,0.7,2,0.338,0.4,0.7,0.542,0.516,0.2,0.3,0.778,0.5,1.3,1.8,0.6,0.3,0.1,0.5,1.4,3,6.7,MEM,NA,NA,10
283,Zach LaVine,SG,27,77,35.9,8.7,18,0.485,2.6,7.1,0.375,6.1,11,0.556,0.558,4.7,5.6,0.848,0.5,3.9,4.5,4.2,0.9,0.2,2.5,2.1,24.8,38.2,CHI,NA,NA,10
284,A.J. Lawson,SG,22,15,7.2,1.5,2.9,0.5,0.7,1.7,0.4,0.8,1.3,0.632,0.614,0.1,0.5,0.25,0.4,1,1.4,0.1,0.1,0,0.2,0.7,3.7,5.7,DAL,NA,NA,10
285,Damion Lee,SG,30,74,20.4,2.7,6.1,0.442,1.5,3.3,0.445,1.2,2.8,0.439,0.564,1.3,1.4,0.904,0.5,2.5,3,1.3,0.4,0.1,1.1,1.6,8.2,14.3,PHO,NA,NA,10
286,Saben Lee,PG,23,25,14.9,2,4.8,0.405,0.4,1.2,0.367,1.5,3.6,0.418,0.45,1.7,2.3,0.737,0.5,1.3,1.8,2.7,0.8,0,1,1.3,6,13.4,PHO,NA,NA,10
287,Alex Len,C,29,26,6.2,0.6,1.2,0.533,0,0.1,0,0.6,1.1,0.571,0.533,0.4,0.6,0.688,0.9,1.4,2.3,0.5,0.2,0.4,0.6,1.1,1.7,6,SAC,NA,NA,10
288,Kawhi Leonard,SF,31,52,33.6,8.6,16.8,0.512,2,4.8,0.416,6.6,11.9,0.551,0.572,4.7,5.4,0.871,1.1,5.4,6.5,3.9,1.4,0.5,1.7,1.6,23.8,44,LAC,NA,NA,10
289,Meyers Leonard,C,30,9,12.7,1.6,3.2,0.483,0.8,2,0.389,0.8,1.2,0.636,0.603,0.9,1,0.889,1.3,2.4,3.8,0.1,0.2,0,0.7,1.8,4.8,8.9,MIL,NA,NA,10
290,Caris LeVert,SG,28,74,30.2,4.3,10,0.431,1.7,4.4,0.392,2.6,5.6,0.462,0.517,1.8,2.4,0.722,0.7,3.1,3.8,3.9,1,0.3,1.6,2.3,12.1,25.4,CLE,NA,NA,10
291,Kira Lewis Jr.,PG,21,25,9.4,1.6,3.5,0.455,0.6,1.4,0.441,1,2.2,0.463,0.54,0.8,0.9,0.864,0.2,1.1,1.3,0.9,0.4,0.1,0.4,1,4.6,9.1,NOP,NA,NA,10
292,Damian Lillard,PG,32,58,36.3,9.6,20.7,0.463,4.2,11.3,0.371,5.4,9.4,0.574,0.564,8.8,9.6,0.914,0.8,4,4.8,7.3,0.9,0.3,3.3,1.9,32.2,51.7,POR,NA,NA,10
293,Nassir Little,SF,22,54,18.1,2.5,5.6,0.442,1.1,2.9,0.367,1.4,2.7,0.524,0.538,0.6,0.9,0.717,0.5,2.1,2.6,0.9,0.4,0.4,0.7,1.2,6.6,13,POR,NA,NA,10
294,Isaiah Livers,PF,24,52,23.1,2.3,5.5,0.417,1.4,3.9,0.365,0.9,1.6,0.541,0.545,0.6,0.8,0.821,0.5,2.2,2.8,0.8,0.5,0.5,0.6,2,6.7,14.2,DET,NA,NA,10
295,Kenneth Lofton Jr.,PF,20,24,7.3,2,3.9,0.527,0.3,0.7,0.353,1.8,3.2,0.566,0.559,0.7,1.1,0.593,0.8,1.3,2.1,0.8,0.2,0.1,0.5,1.2,5,8.9,MEM,NA,NA,10
296,Kevon Looney,C,26,82,23.9,3,4.7,0.63,0,0,0,3,4.7,0.632,0.63,1.1,1.9,0.606,3.3,5.9,9.3,2.5,0.6,0.6,0.5,2.7,7,25.6,GSW,NA,NA,10
297,Brook Lopez,C,34,78,30.4,6.1,11.5,0.531,1.7,4.7,0.374,4.4,6.9,0.637,0.606,1.9,2.4,0.784,2,4.7,6.7,1.3,0.5,2.5,1.4,2.6,15.9,36.3,MIL,NA,NA,10
298,Robin Lopez,C,34,37,8.1,1.3,2,0.64,0.1,0.1,0.5,1.2,1.9,0.648,0.653,0.4,0.5,0.778,0.6,0.8,1.4,0.5,0.1,0.2,0.7,1.2,3,5.8,CLE,NA,NA,10
299,Kevin Love,PF,34,62,20,2.7,6.8,0.389,1.6,4.8,0.334,1.1,2.1,0.516,0.506,1.3,1.5,0.879,1,5.5,6.4,1.9,0.3,0.2,1.1,1.6,8.2,18.2,MIA,NA,NA,10
300,Kyle Lowry,PG,36,55,31.2,3.6,8.8,0.404,1.9,5.6,0.345,1.6,3.2,0.509,0.514,2.1,2.5,0.859,0.8,3.3,4.1,5.1,1,0.4,1.9,2.6,11.2,27.2,MIA,NA,NA,10
301,Trey Lyles,PF,27,74,16.9,2.5,5.5,0.458,1.2,3.2,0.363,1.4,2.3,0.595,0.565,1.4,1.7,0.815,0.9,3.1,4.1,0.9,0.4,0.4,0.9,1.3,7.6,15.3,SAC,NA,NA,10
302,Théo Maledon,PG,21,44,19.4,2.3,5.8,0.402,0.6,2.2,0.295,1.7,3.6,0.465,0.457,1.4,1.7,0.851,0.3,2.5,2.8,3.5,0.8,0.3,1.3,1.4,6.7,17.4,CHO,NA,NA,10
303,Sandro Mamukelashvili,C,23,43,15.3,2.3,5.3,0.422,0.7,2.3,0.303,1.6,3,0.511,0.487,0.9,1.3,0.684,1.6,2.7,4.3,1.4,0.3,0.3,0.8,1.2,6.1,13.6,SAS,NA,NA,10
304,Terance Mann,SG,26,81,23.1,3.4,6.5,0.519,1,2.4,0.389,2.4,4,0.598,0.593,1.1,1.5,0.78,1,2.5,3.4,2.3,0.5,0.3,1,1.8,8.8,18.9,LAC,NA,NA,10
305,Tre Mann,PG,21,67,17.7,2.9,7.5,0.393,1.2,3.8,0.315,1.7,3.6,0.475,0.474,0.6,0.8,0.764,0.4,1.9,2.3,1.8,0.6,0.2,0.9,1.5,7.7,14.3,OKC,NA,NA,10
306,Boban Marjanovi?,C,34,31,5.5,1.3,1.9,0.683,0,0,0,1.3,1.9,0.695,0.683,0.6,0.9,0.741,0.6,1.3,1.9,0.3,0.2,0.1,0.5,0.3,3.3,6.4,HOU,NA,NA,10
307,Lauri Markkanen,SF,25,66,34.4,8.7,17.3,0.499,3,7.7,0.391,5.6,9.6,0.585,0.586,5.3,6,0.875,2,6.7,8.6,1.9,0.6,0.6,1.9,2.1,25.6,41.4,UTA,NA,NA,10
308,Naji Marshall,SF,25,77,23.3,3.2,7.4,0.433,0.9,2.8,0.303,2.4,4.6,0.513,0.49,1.8,2.3,0.789,0.6,3,3.6,2.5,0.7,0.2,1.3,1.5,9.1,18.1,NOP,NA,NA,10
309,Caleb Martin,PF,27,71,29.3,3.6,7.7,0.464,1.2,3.3,0.356,2.4,4.4,0.545,0.54,1.3,1.6,0.805,1.2,3.6,4.8,1.6,1,0.4,1.1,2,9.6,21.4,MIA,NA,NA,10
310,Cody Martin,SF,27,7,19.1,2,5.1,0.389,0.4,2,0.214,1.6,3.1,0.5,0.431,0.6,1,0.571,1.1,2.3,3.4,1.6,0.6,0.1,0.3,1.9,5,12.7,CHO,NA,NA,10
311,Kenyon Martin Jr.,SF,22,82,28,5,8.8,0.569,0.8,2.6,0.315,4.2,6.1,0.679,0.617,1.8,2.7,0.68,1.5,4,5.5,1.5,0.5,0.4,1.1,1.8,12.7,23.7,HOU,NA,NA,10
312,Tyrese Martin,SG,23,16,4.1,0.6,1.4,0.391,0.1,0.4,0.143,0.5,1,0.5,0.413,0.1,0.1,1,0.3,0.4,0.8,0.1,0.1,0,0.1,0.1,1.3,2.4,ATL,NA,NA,10
313,Garrison Mathews,SG,26,54,12.7,1.4,3.7,0.363,1.2,3.3,0.35,0.2,0.4,0.476,0.52,0.9,1,0.906,0.2,1.1,1.4,0.5,0.4,0.1,0.4,1.1,4.8,8.6,ATL,NA,NA,10
314,Bennedict Mathurin,SF,20,78,28.5,5.3,12.2,0.434,1.3,4,0.323,4,8.2,0.488,0.487,4.8,5.8,0.828,1.1,3,4.1,1.5,0.6,0.2,1.9,2.1,16.7,21.9,IND,NA,NA,10
315,Wesley Matthews,SG,36,52,15.8,1.1,3.1,0.363,0.8,2.4,0.315,0.4,0.7,0.528,0.484,0.5,0.5,0.857,0.7,1.5,2.2,0.7,0.4,0.3,0.3,1.4,3.4,9.1,MIL,NA,NA,10
316,Tyrese Maxey,SG,22,60,33.6,7.3,15.2,0.481,2.7,6.2,0.434,4.7,9.1,0.513,0.568,3,3.6,0.845,0.4,2.6,2.9,3.5,0.8,0.1,1.3,2.2,20.3,32.7,PHI,NA,NA,10
317,Skylar Mays,SG,25,6,31.5,5.7,11.3,0.5,2,4.3,0.462,3.7,7,0.524,0.588,2,2.2,0.923,0.3,2.8,3.2,8.3,1,0.2,1.7,1.8,15.3,38.4,POR,NA,NA,10
318,Miles McBride,PG,22,64,11.9,1.2,3.4,0.358,0.6,2.1,0.299,0.6,1.3,0.457,0.451,0.4,0.7,0.667,0.2,0.6,0.8,1.1,0.6,0.1,0.4,0.9,3.5,7.8,NYK,NA,NA,10
319,Mac McClung,SG,24,2,20.5,4.5,10,0.45,2,5.5,0.364,2.5,4.5,0.556,0.55,1.5,2.5,0.6,1.5,3.5,5,4.5,0,0,1.5,1.5,12.5,23.5,PHI,NA,NA,10
320,CJ McCollum,SG,31,75,35.3,7.8,17.9,0.437,2.8,7.2,0.389,5,10.7,0.469,0.515,2.4,3.2,0.769,0.7,3.6,4.4,5.7,0.9,0.5,2.4,2,20.9,37.2,NOP,NA,NA,10
321,T.J. McConnell,PG,30,75,20.3,3.8,6.9,0.543,0.3,0.8,0.441,3.4,6.2,0.556,0.568,0.8,0.9,0.853,0.6,2.5,3.1,5.3,1.1,0.1,1.9,1.4,8.7,24.3,IND,NA,NA,10
322,Jaden McDaniels,SF,22,79,30.6,4.7,9.1,0.517,1.4,3.4,0.398,3.3,5.7,0.588,0.591,1.3,1.8,0.736,1.2,2.7,3.9,1.9,0.9,1,1.4,3.4,12.1,25.8,MIN,NA,NA,10
323,Jalen McDaniels,SF,25,80,23.9,3.5,7.7,0.455,1,2.9,0.332,2.6,4.8,0.53,0.518,1.5,1.7,0.841,0.8,3.5,4.3,1.6,1,0.4,1.2,2.6,9.4,20.2,PHI,NA,NA,10
324,Doug McDermott,SF,31,64,20.5,3.7,8.2,0.457,1.9,4.7,0.413,1.8,3.5,0.516,0.575,0.8,1.1,0.757,0.4,1.8,2.2,1.4,0.2,0.1,0.9,1.8,10.2,15.4,SAS,NA,NA,10
325,JaVale McGee,C,35,42,8.5,1.9,3,0.64,0,0.1,0.4,1.9,2.9,0.65,0.648,0.6,1,0.585,0.7,1.8,2.5,0.3,0.1,0.6,0.9,1.3,4.4,8.9,DAL,NA,NA,10
326,Bryce McGowens,SG,20,46,17.1,1.7,4.4,0.396,0.6,1.7,0.325,1.2,2.7,0.443,0.46,1.3,1.7,0.75,0.4,1.6,2,1.2,0.3,0.1,0.9,1,5.3,8.7,CHO,NA,NA,10
327,Rodney McGruder,SG,31,32,16.4,1.9,4.8,0.408,1.3,3,0.423,0.7,1.7,0.382,0.543,0.6,0.7,0.818,0.6,1.7,2.3,0.9,0.5,0,0.3,1.2,5.7,11.4,DET,NA,NA,10
328,Jordan McLaughlin,PG,26,43,15.8,1.4,3.4,0.421,0.6,1.8,0.308,0.9,1.6,0.552,0.503,0.3,0.4,0.833,0.3,1.1,1.4,3.4,0.7,0.1,0.8,0.7,3.7,13.4,MIN,NA,NA,10
329,De'Anthony Melton,PG,24,77,27.9,3.6,8.5,0.425,2,5.2,0.39,1.6,3.2,0.484,0.546,0.9,1.1,0.793,0.9,3.2,4.1,2.6,1.6,0.5,1.3,2.5,10.1,25.7,PHI,NA,NA,10
330,Sam Merrill,SG,26,5,11.8,1.8,4.4,0.409,1,3.6,0.278,0.8,0.8,1,0.523,0.4,0.4,1,0,1.8,1.8,1,0.8,0,0,0.6,5,12.2,CLE,NA,NA,10
331,Chimezie Metu,C,25,66,10.4,2,3.3,0.589,0.1,0.6,0.237,1.8,2.7,0.663,0.61,0.8,1.1,0.74,0.7,2.3,3,0.6,0.3,0.3,0.5,1.2,4.9,11,SAC,NA,NA,10
332,Khris Middleton,SF,31,33,24.3,5.4,12.3,0.436,1.5,4.9,0.315,3.8,7.4,0.516,0.499,2.8,3.1,0.902,0.8,3.4,4.2,4.9,0.7,0.2,2.2,2.1,15.1,28,MIL,NA,NA,10
333,Patty Mills,PG,34,40,14.2,2.2,5.2,0.411,1.2,3.4,0.366,0.9,1.9,0.493,0.529,0.6,0.8,0.833,0.2,0.9,1.1,1.4,0.4,0.1,0.8,0.8,6.2,10.7,BRK,NA,NA,10
334,Shake Milton,SG,26,76,20.6,3.2,6.6,0.479,0.7,1.9,0.378,2.4,4.7,0.521,0.535,1.3,1.5,0.853,0.5,2,2.5,3.2,0.3,0.2,1.2,1.6,8.4,17.2,PHI,NA,NA,10
335,Justin Minaya,SF,23,4,22.3,1.8,5.8,0.304,0.8,3,0.25,1,2.8,0.364,0.37,0,0.3,0,0.8,3,3.8,1,0.5,1.3,1,2.3,4.3,13.6,POR,NA,NA,10
336,Josh Minott,SF,20,15,6.4,1.2,2.4,0.5,0.1,0.4,0.333,1.1,2,0.533,0.528,0.5,0.5,1,0.3,1.3,1.7,0.3,0.3,0.4,0.2,0.7,3.1,7.9,MIN,NA,NA,10
337,Davion Mitchell,PG,24,80,18.1,2.3,5,0.454,0.8,2.5,0.32,1.5,2.5,0.584,0.533,0.3,0.4,0.806,0.2,1.1,1.3,2.3,0.6,0.2,0.8,1.4,5.6,13.4,SAC,NA,NA,10
338,Donovan Mitchell,SG,26,68,35.8,10,20.6,0.484,3.6,9.3,0.386,6.4,11.3,0.566,0.572,4.7,5.4,0.867,0.9,3.3,4.3,4.4,1.5,0.4,2.6,2.5,28.3,46.1,CLE,NA,NA,10
339,Evan Mobley,PF,21,79,34.4,6.6,12,0.554,0.3,1.3,0.216,6.4,10.7,0.595,0.566,2.6,3.8,0.674,2.4,6.6,9,2.8,0.8,1.5,1.8,2.8,16.2,36.7,CLE,NA,NA,10
340,Isaiah Mobley,PF,23,13,6.5,0.9,2.2,0.429,0.2,0.6,0.375,0.7,1.5,0.45,0.482,0.3,0.3,1,0.3,1.2,1.5,0.2,0.3,0.2,0.1,0.6,2.4,5.9,CLE,NA,NA,10
341,Chima Moneke,SF,27,2,4,0.5,1,0.5,0,0,0,0.5,1,0.5,0.5,0,1,0,1,0,1,0.5,0,0,1,1,1,0,SAC,NA,NA,10
342,Malik Monk,SG,24,77,22.3,4.6,10.3,0.448,1.9,5.2,0.359,2.8,5.2,0.538,0.538,2.4,2.7,0.889,0.4,2.2,2.6,3.9,0.6,0.3,1.9,1.6,13.5,24.2,SAC,NA,NA,10
343,Moses Moody,SG,20,63,13,1.7,3.6,0.476,0.8,2.1,0.363,0.9,1.5,0.641,0.584,0.6,0.8,0.698,0.4,1.2,1.7,0.8,0.3,0.1,0.5,0.9,4.8,9.1,GSW,NA,NA,10
344,Xavier Moon,SG,28,4,5,0.8,2.3,0.333,0.3,0.8,0.333,0.5,1.5,0.333,0.389,0,0,0,0,0.8,0.8,1.3,0,0,0.3,0.5,1.8,4.2,LAC,NA,NA,10
345,Wendell Moore Jr.,SG,21,29,5.3,0.6,1.5,0.419,0.1,0.6,0.118,0.6,0.9,0.615,0.442,0.1,0.2,0.8,0.1,0.5,0.6,0.6,0.3,0.2,0.3,0.4,1.4,4.3,MIN,NA,NA,10
346,Ja Morant,PG,23,61,31.9,9.3,19.9,0.466,1.5,4.9,0.307,7.8,15,0.519,0.504,6.1,8.1,0.748,1,4.9,5.9,8.1,1.1,0.3,3.4,1.6,26.2,45.3,MEM,NA,NA,10
347,Marcus Morris,PF,33,65,28.1,4.2,9.9,0.426,1.7,4.7,0.364,2.5,5.2,0.484,0.513,1,1.3,0.782,0.4,3.5,4,1.8,0.6,0.3,0.9,2.1,11.2,20.5,LAC,NA,NA,10
348,Markieff Morris,PF,33,35,10.1,1.3,3.3,0.409,0.8,2,0.394,0.5,1.3,0.432,0.53,0.3,0.3,1,0.4,1.7,2,0.9,0.3,0.1,0.5,1.4,3.8,8.3,DAL,NA,NA,10
349,Monte Morris,PG,27,62,27.3,4,8.3,0.48,1.3,3.3,0.382,2.7,5,0.543,0.555,1,1.2,0.831,0.4,3,3.4,5.3,0.7,0.2,1,1.2,10.3,26.7,WAS,NA,NA,10
350,Trey Murphy III,SF,22,79,31,4.9,10.1,0.484,2.6,6.3,0.406,2.3,3.8,0.611,0.61,2.2,2.4,0.905,0.7,2.8,3.6,1.4,1.1,0.5,0.8,2,14.5,27.8,NOP,NA,NA,10
351,Dejounte Murray,SG,26,74,36.4,8.3,17.8,0.464,1.8,5.2,0.344,6.5,12.6,0.514,0.514,2.1,2.6,0.832,0.7,4.5,5.3,6.1,1.5,0.3,2.2,1.4,20.5,40.9,ATL,NA,NA,10
352,Jamal Murray,PG,25,65,32.8,7.3,16,0.454,2.6,6.6,0.398,4.6,9.4,0.494,0.537,2.8,3.3,0.833,0.7,3.2,4,6.2,1,0.2,2.2,1.6,20,37.5,DEN,NA,NA,10
353,Keegan Murray,SF,22,80,29.8,4.4,9.8,0.453,2.6,6.3,0.411,1.9,3.5,0.527,0.584,0.8,1,0.765,1.1,3.5,4.6,1.2,0.8,0.5,0.8,2,12.2,24.2,SAC,NA,NA,10
354,Mike Muscala,C,31,63,15,2.1,4.6,0.449,1.3,3.3,0.391,0.8,1.3,0.588,0.587,0.6,0.8,0.769,0.6,2.6,3.2,0.8,0.2,0.4,0.4,1.6,6.1,13.2,BOS,NA,NA,10
355,Svi Mykhailiuk,SF,25,32,14.6,2.4,5.4,0.445,1.3,3.1,0.424,1.1,2.3,0.473,0.566,0.8,1.2,0.667,0.5,1.2,1.7,1.7,0.5,0.1,0.8,0.7,6.9,13.1,CHO,NA,NA,10
356,Larry Nance Jr.,PF,30,65,21.2,2.9,4.7,0.61,0.2,0.6,0.333,2.6,4,0.654,0.633,0.8,1.2,0.696,1.6,3.8,5.4,1.8,0.9,0.6,0.6,2,6.8,21.5,NOP,NA,NA,10
357,Andrew Nembhard,SG,23,75,27.6,3.8,8.6,0.441,1.2,3.5,0.35,2.6,5.1,0.504,0.512,0.7,0.8,0.79,0.5,2.2,2.7,4.5,0.9,0.2,1.7,2.4,9.5,22.3,IND,NA,NA,10
358,Aaron Nesmith,SF,23,73,24.9,3.5,8.1,0.427,1.6,4.3,0.366,1.9,3.8,0.496,0.525,1.6,1.9,0.838,0.8,2.9,3.8,1.3,0.8,0.5,1,3.2,10.1,19.9,IND,NA,NA,10
359,Raul Neto,PG,30,48,10.5,1.2,2.3,0.518,0.3,0.9,0.286,0.9,1.4,0.662,0.573,0.6,0.7,0.912,0.2,0.8,1,1.6,0.4,0.1,0.5,1,3.3,8.8,CLE,NA,NA,10
360,Georges Niang,PF,29,78,19.4,2.8,6.4,0.442,2,4.9,0.401,0.9,1.5,0.576,0.596,0.5,0.6,0.867,0.2,2.1,2.4,1,0.4,0.2,0.7,1.9,8.2,14.7,PHI,NA,NA,10
361,Daishen Nix,PG,20,57,16,1.4,4.2,0.342,0.7,2.5,0.286,0.7,1.7,0.423,0.426,0.4,0.6,0.667,0.3,1.4,1.7,2.3,0.5,0.1,1.5,1,4,8.8,HOU,NA,NA,10
362,Zeke Nnaji,PF,22,53,13.7,2.1,3.7,0.561,0.3,1.2,0.262,1.8,2.5,0.71,0.605,0.8,1.2,0.645,1.2,1.4,2.6,0.3,0.3,0.4,0.6,2,5.2,10.4,DEN,NA,NA,10
363,Nerlens Noel,C,28,17,11.5,0.8,2.1,0.361,0.1,0.1,0.5,0.7,2,0.353,0.375,0.5,0.7,0.667,0.6,2.1,2.7,0.6,0.9,0.6,0.8,1.9,2.1,9.8,BRK,NA,NA,10
364,Jaylen Nowell,SG,23,65,19.3,4.3,9.6,0.448,1,3.6,0.289,3.3,6,0.542,0.502,1.2,1.5,0.778,0.6,2.1,2.6,2,0.6,0.1,1,1.6,10.8,17.9,MIN,NA,NA,10
365,Frank Ntilikina,PG,24,47,12.9,1,2.8,0.364,0.4,1.4,0.254,0.7,1.4,0.477,0.428,0.5,0.7,0.667,0.1,1.2,1.3,1.2,0.3,0.1,0.6,1.4,2.9,6.4,DAL,NA,NA,10
366,Kendrick Nunn,SG-PG,27,70,13.8,2.7,6.4,0.424,1.1,3.2,0.354,1.6,3.2,0.493,0.512,0.5,0.6,0.854,0.2,1.3,1.6,1.3,0.4,0.1,0.9,0.9,7.1,11.5,WAS,NA,NA,10
367,Jusuf Nurki?,C,28,52,26.8,5,9.7,0.519,0.8,2.3,0.361,4.2,7.4,0.567,0.561,2.4,3.7,0.661,2.2,6.9,9.1,2.9,0.8,0.8,2.3,3.6,13.3,29.8,POR,NA,NA,10
368,Jordan Nwora,SF,24,62,19.2,3.1,7.2,0.436,1.4,3.4,0.408,1.7,3.8,0.462,0.533,1.1,1.4,0.791,0.8,2.9,3.7,1.4,0.4,0.2,1.1,1.2,8.7,15.5,IND,NA,NA,10
369,Royce O'Neale,SF,29,76,31.7,3,7.8,0.386,2.1,5.5,0.389,0.9,2.3,0.379,0.524,0.7,0.9,0.725,0.7,4.3,5.1,3.7,0.9,0.6,1.5,3.1,8.8,24.4,BRK,NA,NA,10
370,Chuma Okeke,SF,24,27,19.2,1.6,4.5,0.352,1,3.2,0.302,0.6,1.3,0.472,0.459,0.6,0.8,0.762,1,2.6,3.6,1.4,0.7,0.4,0.6,1.5,4.7,13.8,ORL,NA,NA,10
371,Josh Okogie,SG,24,72,18.8,2.3,5.8,0.391,0.9,2.7,0.335,1.3,3,0.442,0.471,1.9,2.7,0.724,1.5,2,3.5,1.5,0.8,0.5,0.9,1.6,7.3,16.1,PHO,NA,NA,10
372,Onyeka Okongwu,C,22,80,23.1,4,6.2,0.638,0.1,0.2,0.308,3.9,6.1,0.647,0.642,1.9,2.5,0.781,2.7,4.5,7.2,1,0.7,1.3,1,3.1,9.9,26.4,ATL,NA,NA,10
373,Isaac Okoro,SF,22,76,21.7,2.3,4.7,0.494,0.8,2.3,0.363,1.5,2.4,0.617,0.582,1,1.4,0.757,0.7,1.8,2.5,1.1,0.7,0.4,0.6,2.1,6.4,14.6,CLE,NA,NA,10
374,KZ Okpala,PF,23,35,7.1,0.5,1.1,0.421,0.2,0.6,0.333,0.3,0.5,0.529,0.513,0.2,0.2,0.875,0.2,0.8,1,0.4,0.2,0.2,0.2,1.1,1.3,4.4,SAC,NA,NA,10
375,Victor Oladipo,SG,30,42,26.3,3.8,9.6,0.397,1.7,5,0.33,2.1,4.5,0.471,0.484,1.4,1.9,0.747,0.4,2.7,3,3.5,1.4,0.3,2.1,2.4,10.7,22.5,MIA,NA,NA,10
376,Kelly Olynyk,C,31,68,28.6,4.1,8.2,0.499,1.4,3.5,0.394,2.7,4.7,0.576,0.583,2.9,3.4,0.853,1.2,5,6.2,3.7,0.9,0.5,2.5,3.4,12.5,27.6,UTA,NA,NA,10
377,Eugene Omoruyi,SF,25,40,16.1,2.5,5.7,0.443,0.6,2.2,0.281,1.9,3.5,0.547,0.498,1.3,1.9,0.68,1.1,1.7,2.8,0.7,0.7,0.1,0.9,2.3,7,11.9,DET,NA,NA,10
378,Cedi Osman,SF,27,77,20.1,3.1,6.9,0.451,1.5,4.1,0.372,1.6,2.8,0.564,0.56,1,1.4,0.694,0.3,2,2.3,1.5,0.5,0.1,0.7,1.6,8.7,15.4,CLE,NA,NA,10
379,Kelly Oubre Jr.,SF,27,48,32.3,7.4,17.1,0.431,2.3,7.1,0.319,5.1,10,0.51,0.497,3.3,4.3,0.76,1.4,3.8,5.2,1.1,1.4,0.4,1.3,2.9,20.3,31.3,CHO,NA,NA,10
380,Chris Paul,PG,37,59,32,5,11.3,0.44,1.7,4.4,0.375,3.3,6.9,0.482,0.513,2.3,2.7,0.831,0.5,3.8,4.3,8.9,1.5,0.4,1.9,2.1,13.9,39.8,PHO,NA,NA,10
381,Cameron Payne,PG,28,48,20.2,3.9,9.4,0.415,1.4,3.9,0.368,2.5,5.6,0.448,0.49,1,1.3,0.766,0.3,2,2.2,4.5,0.7,0.2,1.7,1.8,10.3,21.2,PHO,NA,NA,10
382,Gary Payton II,PG,30,22,16.7,1.9,3.1,0.594,0.6,1.2,0.5,1.3,2,0.651,0.688,0.3,0.3,0.857,1.1,2,3.1,1.4,1,0.2,0.7,2,4.6,15.2,GSW,NA,NA,10
383,Theo Pinson,SG,27,40,8.1,0.8,2.2,0.356,0.6,1.6,0.355,0.2,0.6,0.36,0.483,0.3,0.3,0.846,0.3,1.3,1.6,1.2,0.2,0,0.3,0.9,2.4,6.6,DAL,NA,NA,10
384,Scotty Pippen Jr.,PG,22,6,5.3,0.7,2,0.333,0.2,0.5,0.333,0.5,1.5,0.333,0.375,0.8,1.5,0.556,0.3,0.3,0.7,0.3,0.3,0.2,0.3,0.5,2.3,3.9,LAL,NA,NA,10
385,Mason Plumlee,C,32,79,26,4.2,6.1,0.68,0,0,0,4.2,6.1,0.68,0.68,2.5,4,0.636,2.9,6,8.9,3.1,0.6,0.6,1.5,2.7,10.8,28.5,LAC,NA,NA,10
386,Jakob Poeltl,C,27,72,26.5,5.4,8.6,0.629,0,0,0,5.4,8.6,0.63,0.629,1.7,2.8,0.592,3.3,5.8,9.1,2.7,0.9,1.2,1.7,2.7,12.5,33.1,TOR,NA,NA,10
387,Aleksej Pokusevski,PF,21,34,20.6,3.2,7.3,0.434,1.1,3.1,0.365,2.1,4.3,0.483,0.51,0.6,1,0.629,1.3,3.4,4.7,1.9,0.6,1.3,1.3,1.7,8.1,21.4,OKC,NA,NA,10
388,Jordan Poole,PG,23,82,30,6.7,15.6,0.43,2.6,7.8,0.336,4.1,7.8,0.524,0.514,4.4,5.1,0.87,0.4,2.4,2.7,4.5,0.8,0.3,3.1,2.6,20.4,30,GSW,NA,NA,10
389,Kevin Porter Jr.,PG,22,59,34.3,6.6,15,0.442,2.4,6.5,0.366,4.2,8.5,0.501,0.522,3.5,4.5,0.784,1.3,4,5.3,5.7,1.4,0.3,3.2,2.6,19.2,35.9,HOU,NA,NA,10
390,Michael Porter Jr.,SF,24,62,29,6.4,13.2,0.487,3,7.3,0.414,3.4,5.9,0.579,0.602,1.5,1.9,0.8,1,4.5,5.5,1,0.6,0.5,1.1,1.9,17.4,29.3,DEN,NA,NA,10
391,Otto Porter Jr.,SF,29,8,18.3,1.9,3.8,0.5,0.8,2.1,0.353,1.1,1.6,0.692,0.6,1,1,1,0.8,1.6,2.4,1,1.4,0,0.5,0.9,5.5,15.3,TOR,NA,NA,10
392,Bobby Portis,PF,27,70,26,5.7,11.5,0.496,1.4,3.7,0.37,4.3,7.8,0.555,0.555,1.4,1.8,0.768,2.2,7.4,9.6,1.5,0.4,0.2,1.2,1.6,14.1,27.6,MIL,NA,NA,10
393,Kristaps Porzi??is,C,27,65,32.6,7.8,15.7,0.498,2.1,5.5,0.385,5.7,10.2,0.559,0.565,5.4,6.4,0.851,1.8,6.6,8.4,2.7,0.9,1.5,2.1,3,23.2,43.4,WAS,NA,NA,10
394,Micah Potter,PF,24,7,7.4,1.4,2.1,0.667,0.6,1,0.571,0.9,1.1,0.75,0.8,0,0,0,0.4,1.9,2.3,0.6,0.1,0,0.3,0.7,3.4,8,UTA,NA,NA,10
395,Dwight Powell,C,31,76,19.2,2.6,3.5,0.732,0,0.1,0,2.6,3.5,0.746,0.732,1.5,2.2,0.667,2,2.2,4.1,0.9,0.6,0.3,0.9,2.8,6.7,15.4,DAL,NA,NA,10
396,Norman Powell,SG,29,60,26.1,5.7,11.8,0.479,1.9,4.8,0.397,3.8,7.1,0.534,0.559,3.8,4.6,0.812,0.4,2.5,2.9,1.8,0.8,0.3,1.7,2.1,17,25.2,LAC,NA,NA,10
397,Jason Preston,PG,23,14,8.9,1.3,2.9,0.439,0.4,1.3,0.278,0.9,1.6,0.565,0.5,0,0.1,0,0.1,1.4,1.6,1.9,0.1,0,0.7,0.5,2.9,7.3,LAC,NA,NA,10
398,Joshua Primo,SG,20,4,23.3,2.3,6.5,0.346,0.8,3,0.25,1.5,3.5,0.429,0.404,1.8,2.3,0.778,0.5,2.8,3.3,4.5,0.3,0.5,2.8,2,7,15.3,SAS,NA,NA,10
399,Taurean Prince,SF,28,54,22.1,3.3,7,0.467,1.4,3.6,0.381,1.9,3.4,0.557,0.565,1.2,1.4,0.844,0.3,2.2,2.4,1.6,0.5,0.3,1.3,2.3,9.1,16.1,MIN,NA,NA,10
400,Payton Pritchard,PG,25,48,13.4,2.1,5.1,0.412,1.2,3.2,0.364,0.9,1.9,0.495,0.527,0.3,0.3,0.75,0.5,1.3,1.8,1.3,0.3,0,0.8,0.8,5.6,9.9,BOS,NA,NA,10
401,Trevelin Queen,SG,25,7,10,1,4.1,0.241,0.3,2.1,0.133,0.7,2,0.357,0.276,0.7,0.7,1,1.1,1.3,2.4,0.9,0.3,0.7,1,0.6,3,7.4,IND,NA,NA,10
402,Neemias Queta,C,23,5,5.8,1.2,1.8,0.667,0,0,0,1.2,1.8,0.667,0.667,0,0.4,0,1,1.2,2.2,0.2,0,0.4,0.2,1.4,2.4,6.4,SAC,NA,NA,10
403,Immanuel Quickley,PG,23,81,28.9,5.2,11.6,0.448,2.1,5.6,0.37,3.1,6,0.521,0.537,2.5,3.1,0.819,0.7,3.4,4.2,3.4,1,0.2,1.2,2,14.9,28.6,NYK,NA,NA,10
404,Lester Quinones,SG,22,4,4.5,0.5,1.3,0.4,0.5,1,0.5,0,0.3,0,0.6,1,1.5,0.667,0.3,0.5,0.8,0.5,0.3,0,1.3,0,2.5,2.6,GSW,NA,NA,10
405,Julius Randle,PF,28,77,35.5,8.5,18.6,0.459,2.8,8.3,0.343,5.7,10.3,0.553,0.536,5.2,6.9,0.757,1.8,8.1,10,4.1,0.6,0.3,2.8,3,25.1,40.8,NYK,NA,NA,10
406,Austin Reaves,SG,24,64,28.8,4,7.7,0.529,1.3,3.4,0.398,2.7,4.3,0.631,0.616,3.6,4.1,0.864,0.5,2.5,3,3.4,0.5,0.3,1.5,1.7,13,24.1,LAL,NA,NA,10
407,Cam Reddish,SF,23,40,24.8,3.5,7.8,0.446,1.1,3.6,0.313,2.4,4.2,0.56,0.518,1.6,1.9,0.853,0.5,1.8,2.2,1.4,1,0.4,1.2,1.8,9.7,17.9,POR,NA,NA,10
408,Davon Reed,SG,27,43,8,0.7,2,0.333,0.4,1.1,0.37,0.3,0.9,0.289,0.435,0.4,0.6,0.667,0.2,1.1,1.4,0.5,0.3,0.1,0.5,0.9,2.1,4.7,LAL,NA,NA,10
409,Paul Reed,C,23,69,10.9,1.8,3,0.593,0,0.1,0.167,1.8,2.9,0.606,0.596,0.6,0.7,0.745,1.6,2.2,3.8,0.4,0.7,0.7,0.7,1.8,4.2,13.5,PHI,NA,NA,10
410,Naz Reid,C,23,68,18.4,4.6,8.5,0.537,1.1,3.2,0.346,3.5,5.3,0.653,0.602,1.3,1.9,0.677,1.1,3.8,4.9,1.1,0.6,0.8,1.4,2.6,11.5,22.6,MIN,NA,NA,10
411,Jared Rhoden,SG,23,14,14.1,1.2,3.1,0.386,0.4,1.4,0.25,0.9,1.7,0.5,0.443,0.4,0.4,1,0.8,1.9,2.6,0.3,0.3,0.1,0.2,1.6,3.2,7.3,DET,NA,NA,10
412,Nick Richards,C,25,65,18.7,3,4.8,0.629,0,0,1,3,4.8,0.628,0.631,2.1,2.8,0.749,2.3,4.1,6.4,0.6,0.2,1.1,0.9,2.4,8.2,19.7,CHO,NA,NA,10
413,Josh Richardson,SG,29,65,23.5,3.7,8.5,0.431,1.6,4.5,0.365,2,4,0.506,0.528,1.1,1.2,0.852,0.6,2.1,2.7,2.7,1.1,0.3,1.3,1.8,10.1,21.6,NOP,NA,NA,10
414,Austin Rivers,SG,30,52,19.5,1.8,4,0.435,0.8,2.4,0.35,0.9,1.7,0.558,0.538,0.6,0.8,0.769,0.1,1.5,1.6,1.4,0.5,0.1,0.4,1.5,4.9,11.1,MIN,NA,NA,10
415,Duncan Robinson,SF,28,42,16.5,2.1,5.6,0.371,1.5,4.6,0.328,0.6,1.1,0.556,0.504,0.7,0.8,0.906,0.2,1.5,1.6,1.1,0.3,0,0.7,1.8,6.4,10,MIA,NA,NA,10
416,Mitchell Robinson,C,24,59,27,3.2,4.7,0.671,0,0,0,3.2,4.7,0.671,0.671,1,2.1,0.484,4.5,4.9,9.4,0.9,0.9,1.8,0.7,2.7,7.4,28.6,NYK,NA,NA,10
417,Orlando Robinson,C,22,31,13.7,1.5,2.9,0.528,0,0.2,0,1.5,2.7,0.566,0.528,0.7,1,0.71,1.5,2.5,4.1,0.8,0.4,0.4,0.5,1.7,3.7,11.4,MIA,NA,NA,10
418,Jeremiah Robinson-Earl,PF,22,43,18.9,2.6,5.8,0.444,0.9,2.6,0.333,1.7,3.2,0.533,0.518,0.8,1,0.833,1.7,2.5,4.2,1,0.6,0.3,0.4,1.7,6.8,15.9,OKC,NA,NA,10
419,Isaiah Roby,PF,24,42,11.3,1.6,3.7,0.432,0.4,1.4,0.3,1.2,2.3,0.516,0.49,0.5,1,0.488,0.5,2,2.5,0.9,0.4,0.2,0.7,1.3,4.1,8.8,SAS,NA,NA,10
420,David Roddy,PF,21,70,18,2.6,6,0.429,0.9,3,0.307,1.6,3,0.553,0.506,0.6,0.9,0.631,0.7,2,2.8,0.8,0.4,0.3,0.8,1.5,6.7,12.1,MEM,NA,NA,10
421,Ryan Rollins,PG,20,12,5.2,0.6,1.7,0.35,0.3,0.8,0.333,0.3,0.9,0.364,0.425,0.5,0.5,1,0.3,0.8,1,0.5,0.1,0.1,1.3,0.8,1.9,1.9,GSW,NA,NA,10
422,Derrick Rose,PG,34,27,12.5,2.3,5.9,0.384,0.7,2.3,0.302,1.6,3.6,0.438,0.443,0.4,0.4,0.917,0.3,1.2,1.5,1.7,0.3,0.2,0.8,0.7,5.6,10.3,NYK,NA,NA,10
423,Terrence Ross,SG,31,63,21.1,3.2,7.4,0.43,1.5,4.1,0.368,1.7,3.3,0.507,0.532,0.4,0.5,0.794,0.3,2.1,2.4,1.5,0.6,0.2,0.7,1.5,8.3,15.9,PHO,NA,NA,10
424,Terry Rozier,SG,28,63,35.3,7.8,18.9,0.415,2.6,8,0.327,5.2,10.8,0.48,0.484,2.8,3.5,0.809,0.8,3.3,4.1,5.1,1.2,0.3,2.1,1.9,21.1,35.8,CHO,NA,NA,10
425,Ricky Rubio,PG,32,33,17.2,1.8,5.4,0.343,0.6,2.5,0.256,1.2,2.9,0.417,0.402,0.8,1.1,0.8,0.3,1.8,2.1,3.5,0.8,0.2,0.9,1.5,5.2,15,CLE,NA,NA,10
426,D'Angelo Russell,PG,26,71,32.5,6.3,13.4,0.469,2.7,6.9,0.396,3.5,6.5,0.548,0.572,2.5,3,0.829,0.5,2.5,3,6.2,1,0.4,2.6,2,17.8,35,LAL,NA,NA,10
427,Matt Ryan,SF,25,34,9.1,1.2,3.2,0.37,0.9,2.5,0.381,0.2,0.7,0.333,0.519,0.3,0.4,0.833,0.1,0.6,0.8,0.5,0.1,0,0.2,0.8,3.6,5.4,MIN,NA,NA,10
428,Domantas Sabonis,C,26,79,34.6,7.3,11.9,0.615,0.4,1.1,0.373,6.9,10.8,0.639,0.632,4.1,5.5,0.742,3.2,9.1,12.3,7.3,0.8,0.5,2.9,3.5,19.1,47.1,SAC,NA,NA,10
429,Luka Šamani?,PF,23,7,23,3.7,8.1,0.456,1.1,4.4,0.258,2.6,3.7,0.692,0.526,1.3,1.9,0.692,0,4.3,4.3,2.1,0.9,0.3,1.4,2.4,9.9,20.2,UTA,NA,NA,10
430,Dario Šari?,PF,28,57,14.1,2.2,4.9,0.458,0.8,2,0.391,1.4,2.8,0.506,0.54,1.1,1.3,0.829,0.9,2.7,3.6,1.3,0.4,0.1,1,1.7,6.4,12.7,OKC,NA,NA,10
431,Olivier Sarr,C,23,9,12.7,1.7,3.3,0.5,0.1,0.9,0.125,1.6,2.4,0.636,0.517,0.6,0.8,0.714,1.3,2.1,3.4,0.4,0.1,0.6,0.4,1.9,4,10.2,OKC,NA,NA,10
432,Jordan Schakel,SF,24,2,3,0.5,1,0.5,0.5,0.5,1,0,0.5,0,0.75,0,0,0,0,0,0,0.5,0.5,0,0,0.5,1.5,5,WAS,NA,NA,10
433,Admiral Schofield,PF,25,37,12.2,1.5,3.3,0.451,0.6,2,0.324,0.8,1.3,0.646,0.549,0.6,0.6,0.913,0.6,1.1,1.7,0.8,0.2,0.1,0.4,1.6,4.2,8.2,ORL,NA,NA,10
434,Dennis Schröder,PG,29,66,30.1,4.1,9.8,0.415,1.1,3.4,0.329,3,6.4,0.461,0.472,3.3,3.8,0.857,0.3,2.2,2.5,4.5,0.8,0.2,1.7,2.2,12.6,23.7,LAL,NA,NA,10
435,Jay Scrubb,SG,22,2,15,2.5,3.5,0.714,1,1,1,1.5,2.5,0.6,0.857,0.5,1,0.5,0,3,3,0.5,1,0,1.5,1,6.5,13.5,ORL,NA,NA,10
436,Dereon Seabron,SG,22,5,2.4,0.4,1,0.4,0,0,0,0.4,1,0.4,0.4,0,0,0,0.2,0,0.2,0,0,0,0,0.2,0.8,0.8,NOP,NA,NA,10
437,Alperen Þengün,C,20,75,28.9,5.9,10.7,0.553,0.3,0.8,0.333,5.6,9.9,0.57,0.565,2.7,3.8,0.715,3.2,5.8,9,3.9,0.9,0.9,2.6,3.4,14.8,33.9,HOU,NA,NA,10
438,Collin Sexton,SG,24,48,23.9,4.9,9.8,0.506,1,2.5,0.393,3.9,7.2,0.546,0.558,3.4,4.1,0.819,0.8,1.4,2.2,2.9,0.6,0.1,1.8,2.3,14.3,21.8,UTA,NA,NA,10
439,Landry Shamet,SG,25,40,20.2,2.8,7.5,0.377,1.9,5,0.377,1,2.5,0.376,0.502,1.1,1.3,0.882,0.3,1.4,1.7,2.3,0.7,0.1,0.9,1.5,8.7,16.2,PHO,NA,NA,10
440,Day'Ron Sharpe,C,21,48,11.5,1.9,3.6,0.544,0.1,0.2,0.545,1.8,3.3,0.544,0.561,0.7,1.1,0.636,2.1,2.1,4.2,0.8,0.3,0.7,0.9,1.9,4.7,12.6,BRK,NA,NA,10
441,Shaedon Sharpe,SG,19,80,22.2,3.8,8.1,0.472,1.3,3.5,0.36,2.6,4.6,0.559,0.551,0.9,1.3,0.714,0.8,2.2,3,1.2,0.5,0.3,1,1.7,9.9,16.9,POR,NA,NA,10
442,Pascal Siakam,C,28,71,37.4,8.9,18.5,0.48,1.3,4,0.324,7.6,14.5,0.523,0.515,5.2,6.7,0.774,1.8,6,7.8,5.8,0.9,0.5,2.4,3.2,24.2,43.5,TOR,NA,NA,10
443,Chris Silva,PF,26,1,3,1,1,1,0,0,0,1,1,1,1,0,0,0,0,0,0,0,0,0,1,2,2,1,DAL,NA,NA,10
444,Ben Simmons,PG,26,42,26.3,3.2,5.6,0.566,0,0,0,3.2,5.5,0.571,0.566,0.6,1.4,0.439,1,5.3,6.3,6.1,1.3,0.6,2.3,3.3,6.9,28.4,BRK,NA,NA,10
445,Kobi Simmons,PG,25,5,5.6,0.2,1.2,0.167,0.2,1,0.2,0,0.2,0,0.25,0.4,0.4,1,0.2,0.6,0.8,1,0,0.4,0.2,0,1,4.4,CHO,NA,NA,10
446,Marko Simonovic,C,23,7,2.9,0.3,1,0.286,0.1,0.6,0.25,0.1,0.4,0.333,0.357,0.1,0.3,0.5,0.1,0.1,0.3,0,0,0,0,0.7,0.9,0.7,CHI,NA,NA,10
447,Anfernee Simons,SG,23,62,35,7.5,16.9,0.447,3.4,9.1,0.377,4.1,7.8,0.528,0.548,2.6,2.9,0.894,0.3,2.3,2.6,4.1,0.7,0.2,2.1,2.3,21.1,32.5,POR,NA,NA,10
448,Jericho Sims,C,24,52,15.6,1.6,2.1,0.776,0,0,0,1.6,2,0.783,0.776,0.2,0.3,0.75,1.9,2.8,4.7,0.5,0.3,0.5,0.5,1.8,3.4,12.3,NYK,NA,NA,10
449,Marcus Smart,PG,28,61,32.1,4.1,9.9,0.415,1.9,5.6,0.336,2.2,4.3,0.519,0.511,1.4,1.9,0.746,0.8,2.4,3.1,6.3,1.5,0.4,2.3,2.8,11.5,29.9,BOS,NA,NA,10
450,Dennis Smith Jr.,PG,25,54,25.7,3.4,8.4,0.412,0.4,2.1,0.216,3,6.3,0.475,0.438,1.4,2,0.736,0.5,2.6,3.1,4.8,1.4,0.5,1.5,2.3,8.8,24.3,CHO,NA,NA,10
451,Dru Smith,SG,25,15,10.5,1.2,3,0.4,0.3,1.3,0.263,0.9,1.7,0.5,0.456,0.2,0.2,1,0.1,1.5,1.6,1.5,0.7,0.3,0.2,1.5,2.9,10.8,BRK,NA,NA,10
452,Ish Smith,PG,34,43,9.3,1.2,3,0.397,0,0.3,0.167,1.2,2.8,0.42,0.405,0,0.1,0.5,0.1,1.1,1.3,2.3,0.2,0.2,1,0.8,2.5,7.3,DEN,NA,NA,10
453,Jabari Smith Jr.,PF,19,79,31,4.6,11.3,0.408,1.5,4.9,0.307,3.1,6.3,0.487,0.475,2.1,2.6,0.786,1.5,5.7,7.2,1.3,0.5,0.9,1.3,2.9,12.8,24.5,HOU,NA,NA,10
454,Jalen Smith,PF,22,68,18.8,3.6,7.5,0.476,0.8,2.8,0.283,2.8,4.7,0.593,0.53,1.5,2,0.759,1.9,3.9,5.8,1,0.3,0.9,1.1,2.3,9.4,19.8,IND,NA,NA,10
455,Xavier Sneed,SF,25,4,12,1.3,2.5,0.5,0.8,1.5,0.5,0.5,1,0.5,0.65,1,1,1,0,1.3,1.3,1.3,0,0.3,0.8,1.8,4.3,8.7,CHO,NA,NA,10
456,Jeremy Sochan,PF,19,56,26,4.5,9.9,0.453,0.6,2.4,0.246,3.9,7.5,0.519,0.483,1.4,2.1,0.698,1.7,3.6,5.3,2.5,0.8,0.4,1.7,2.5,11,21.7,SAS,NA,NA,10
457,Jaden Springer,SG,20,16,5.6,1.1,2.2,0.486,0.1,0.3,0.4,0.9,1.9,0.5,0.514,0.4,0.5,0.75,0.4,0.5,0.9,0.5,0.4,0.2,0.2,0.9,2.6,6.5,PHI,NA,NA,10
458,Lamar Stevens,PF,25,62,18.1,2.1,4.6,0.448,0.5,1.5,0.316,1.6,3.1,0.513,0.5,0.6,0.9,0.702,0.8,2.6,3.3,0.5,0.4,0.3,0.4,1.3,5.3,11.4,CLE,NA,NA,10
459,Isaiah Stewart,C,21,50,28.3,3.9,8.8,0.442,1.3,4.1,0.327,2.6,4.7,0.542,0.518,2.2,3,0.738,2.3,5.8,8.1,1.4,0.4,0.7,1.4,2.7,11.3,23.3,DET,NA,NA,10
460,Max Strus,SF,26,80,28.4,4.1,9.9,0.41,2.5,7,0.35,1.6,2.8,0.559,0.535,1,1.1,0.876,0.6,2.6,3.2,2.1,0.5,0.2,0.9,2.1,11.5,20.6,MIA,NA,NA,10
461,Jalen Suggs,PG,21,53,23.5,3.5,8.4,0.419,1.2,3.8,0.327,2.3,4.6,0.496,0.493,1.6,2.2,0.723,1,2,3,2.9,1.3,0.5,1.8,2.3,9.9,21.5,ORL,NA,NA,10
462,Edmond Sumner,SG,27,53,13.9,2.3,5.1,0.461,0.6,1.6,0.356,1.8,3.4,0.511,0.519,1.9,2,0.917,0.2,1.2,1.5,1.3,0.6,0.2,0.9,1.6,7.1,12.6,BRK,NA,NA,10
463,Cole Swider,SF,23,7,5.9,0.4,1.3,0.333,0.4,1.1,0.375,0,0.1,0,0.5,0,0,0,0.1,0.9,1,0.6,0,0,0,0.4,1.3,3.4,LAL,NA,NA,10
464,Jae'Sean Tate,SF,27,31,21.8,3.5,7.4,0.48,0.4,1.5,0.283,3.1,5.9,0.53,0.509,1.6,2.2,0.725,1.3,2.5,3.8,2.7,0.7,0.2,1.5,3.4,9.1,18.3,HOU,NA,NA,10
465,Jayson Tatum,PF,24,74,36.9,9.8,21.1,0.466,3.2,9.3,0.35,6.6,11.8,0.558,0.543,7.2,8.4,0.854,1.1,7.7,8.8,4.6,1.1,0.7,2.9,2.2,30.1,50,BOS,NA,NA,10
466,Terry Taylor,PF,23,31,8.5,1.3,2.4,0.52,0.2,0.6,0.263,1.1,1.8,0.607,0.553,0.2,0.4,0.545,0.9,0.6,1.5,0.3,0.1,0.2,0.3,0.8,2.9,5.8,CHI,NA,NA,10
467,Garrett Temple,SG,36,25,6.5,0.7,1.8,0.4,0.4,1,0.423,0.3,0.8,0.368,0.522,0.1,0.2,0.75,0.2,0.5,0.7,0.5,0.4,0.1,0.2,0.6,2,5.2,NOP,NA,NA,10
468,Dalen Terry,SG,20,38,5.6,0.8,1.9,0.444,0.2,0.7,0.259,0.7,1.2,0.556,0.493,0.4,0.6,0.667,0.3,0.7,1,0.6,0.3,0.1,0.2,0.6,2.2,5.3,CHI,NA,NA,10
469,Daniel Theis,C,30,7,15.6,3,6.3,0.477,0.3,1.6,0.182,2.7,4.7,0.576,0.5,0.7,1.7,0.417,1,2.1,3.1,1.3,0.3,0.9,0.4,1,7,15.7,IND,NA,NA,10
470,Cam Thomas,SG,21,57,16.6,3.5,8,0.441,0.9,2.3,0.383,2.6,5.7,0.464,0.497,2.6,3.1,0.868,0.1,1.5,1.7,1.4,0.4,0.1,1.1,1,10.6,14.3,BRK,NA,NA,10
471,Klay Thompson,SG,32,69,33,7.9,18.1,0.436,4.4,10.6,0.412,3.6,7.6,0.47,0.556,1.7,1.9,0.879,0.6,3.6,4.1,2.4,0.7,0.4,1.8,1.9,21.9,33.5,GSW,NA,NA,10
472,JT Thor,PF,20,69,14,1.4,3.4,0.399,0.6,1.8,0.317,0.8,1.7,0.487,0.481,0.5,0.7,0.702,0.5,1.7,2.2,0.5,0.3,0.3,0.6,1,3.8,8,CHO,NA,NA,10
473,Matisse Thybulle,SG,25,71,16.9,1.5,3.6,0.435,0.8,2.1,0.365,0.8,1.5,0.533,0.542,0.3,0.4,0.679,0.6,1.4,2,0.7,1.2,0.5,0.3,1.6,4.1,13.8,POR,NA,NA,10
474,Xavier Tillman Sr.,PF,24,61,19.3,3.1,5,0.614,0.1,0.2,0.267,3,4.8,0.632,0.621,0.8,1.5,0.551,2,3,5,1.6,1,0.5,0.7,1.6,7,20.4,MEM,NA,NA,10
475,Isaiah Todd,PF,21,6,10.2,0.5,3.2,0.158,0.2,1.7,0.1,0.3,1.5,0.222,0.184,0.3,0.3,1,0.3,1.7,2,0.7,0.2,0,0.3,0.7,1.5,3.1,WAS,NA,NA,10
476,Obi Toppin,PF,24,67,15.7,2.8,6.3,0.446,1.3,3.7,0.344,1.5,2.6,0.593,0.548,0.6,0.7,0.809,0.4,2.4,2.8,1,0.3,0.2,0.6,1,7.4,13.5,NYK,NA,NA,10
477,Juan Toscano-Anderson,SF,29,52,13.5,1.2,2.8,0.448,0.2,0.8,0.186,1.1,1.9,0.56,0.476,0.4,0.5,0.792,0.5,1.8,2.4,1.3,0.3,0.2,0.7,1.5,3,8.3,UTA,NA,NA,10
478,Karl-Anthony Towns,PF,27,29,33,7.3,14.8,0.495,2.1,5.7,0.366,5.2,9.1,0.576,0.565,4.1,4.7,0.874,1.7,6.5,8.1,4.8,0.7,0.6,3,3.8,20.8,39,MIN,NA,NA,10
479,Gary Trent Jr.,SG,24,66,32.1,6.1,14.2,0.433,2.5,6.8,0.369,3.6,7.3,0.493,0.522,2.6,3.1,0.839,0.5,2.2,2.6,1.6,1.6,0.2,0.8,1.5,17.4,28.8,TOR,NA,NA,10
480,P.J. Tucker,PF,37,75,25.6,1.3,3,0.427,0.7,1.9,0.393,0.5,1.1,0.482,0.549,0.3,0.3,0.826,1.3,2.7,3.9,0.8,0.5,0.2,0.6,2.4,3.5,10.9,PHI,NA,NA,10
481,Myles Turner,C,26,62,29.4,6.5,11.8,0.548,1.5,4,0.373,5,7.8,0.638,0.612,3.5,4.5,0.783,1.4,6.1,7.5,1.4,0.6,2.3,1.7,3.5,18,38.2,IND,NA,NA,10
482,Stanley Umude,SG,23,1,2,0,1,0,0,1,0,0,0,0,0,2,2,1,0,0,0,0,1,1,0,0,2,9,DET,NA,NA,10
483,Jonas Valan?i?nas,C,30,79,24.9,5.6,10.3,0.547,0.5,1.4,0.349,5.2,8.9,0.577,0.57,2.3,2.8,0.826,2.8,7.3,10.2,1.8,0.3,0.7,2,3.1,14.1,28.8,NOP,NA,NA,10
484,Jarred Vanderbilt,PF,23,78,24.1,3.2,5.8,0.548,0.4,1.2,0.322,2.8,4.6,0.604,0.58,1.2,1.8,0.691,2.2,5.3,7.5,2.4,1.1,0.3,1.2,2.4,7.9,23.8,LAL,NA,NA,10
485,Fred VanVleet,PG,28,69,36.7,6.3,16.1,0.393,3,8.8,0.342,3.3,7.3,0.455,0.486,3.7,4.1,0.898,0.4,3.6,4.1,7.2,1.8,0.6,2,2.8,19.3,42.5,TOR,NA,NA,10
486,Devin Vassell,SG,22,38,31,6.9,15.7,0.439,2.7,7,0.387,4.2,8.7,0.48,0.525,2.1,2.6,0.78,0.2,3.7,3.9,3.6,1.1,0.4,1.5,1.5,18.5,32.9,SAS,NA,NA,10
487,Gabe Vincent,PG,26,68,25.9,3.4,8.3,0.402,1.7,5.1,0.334,1.6,3.2,0.512,0.505,1,1.1,0.872,0.4,1.7,2.1,2.5,0.9,0.1,1.4,2.3,9.4,17.8,MIA,NA,NA,10
488,Noah Vonleh,C,27,23,7.4,0.5,1,0.458,0,0.2,0.25,0.4,0.9,0.5,0.479,0.1,0.1,1,0.8,1.3,2.1,0.3,0.1,0.3,0.5,1.5,1.1,4.4,BOS,NA,NA,10
489,Nikola Vu?evi?,C,32,82,33.5,7.3,14,0.52,1.5,4.2,0.349,5.8,9.8,0.594,0.573,1.6,1.9,0.835,1.9,9.1,11,3.2,0.7,0.7,1.7,2.2,17.6,39,CHI,NA,NA,10
490,Dean Wade,PF,26,44,20.3,1.7,4,0.412,1,2.9,0.354,0.6,1.1,0.56,0.54,0.3,0.5,0.652,0.5,3,3.4,0.8,0.6,0.5,0.4,2,4.7,13.5,CLE,NA,NA,10
491,Franz Wagner,SF,21,80,32.6,6.8,14,0.485,1.6,4.5,0.361,5.2,9.5,0.544,0.543,3.4,4,0.842,0.9,3.2,4.1,3.5,1,0.2,2.1,2.3,18.6,30.9,ORL,NA,NA,10
492,Moritz Wagner,C,25,57,19.5,3.5,6.9,0.5,0.9,2.9,0.313,2.6,4.1,0.631,0.564,2.7,3.2,0.841,1.2,3.3,4.5,1.5,0.6,0.2,1.2,2.4,10.5,19.3,ORL,NA,NA,10
493,Ish Wainright,SF,28,60,15.3,1.4,3.8,0.37,1,2.9,0.329,0.5,0.9,0.5,0.496,0.4,0.5,0.839,0.8,1.6,2.3,0.9,0.6,0.4,0.4,2,4.2,11.4,PHO,NA,NA,10
494,Jabari Walker,SF,20,56,11.1,1.5,3.5,0.419,0.3,1,0.286,1.2,2.5,0.472,0.46,0.6,0.8,0.756,0.9,1.5,2.3,0.6,0.2,0.2,0.5,1.2,3.9,7.6,POR,NA,NA,10
495,Kemba Walker,PG,32,9,16,2.7,6.3,0.421,0.8,3.1,0.25,1.9,3.2,0.586,0.482,1.9,2.3,0.81,0.3,1.4,1.8,2.1,0.2,0.2,0.4,1.2,8,14.3,DAL,NA,NA,10
496,Lonnie Walker IV,SG,24,56,23.2,4.2,9.4,0.448,1.6,4.4,0.365,2.6,5,0.522,0.534,1.6,1.9,0.858,0.3,1.7,1.9,1.1,0.5,0.3,0.8,1.3,11.7,17.7,LAL,NA,NA,10
497,John Wall,PG,32,34,22.2,4.1,9.9,0.408,1,3.2,0.303,3.1,6.7,0.459,0.457,2.3,3.3,0.681,0.4,2.3,2.7,5.2,0.8,0.4,2.4,1.7,11.4,22.8,LAC,NA,NA,10
498,T.J. Warren,PF-SF,29,42,16.4,3.1,6.4,0.489,0.5,1.6,0.328,2.6,4.8,0.542,0.53,0.7,0.8,0.8,0.6,2.3,2.9,1,0.5,0.3,0.5,1.5,7.5,14.8,PHO,NA,NA,10
499,Duane Washington Jr.,SG,22,31,12.7,3,8.3,0.367,1.3,3.6,0.36,1.7,4.7,0.372,0.445,0.5,0.8,0.667,0.1,1.1,1.2,2,0.2,0.1,1.1,0.7,7.9,10.8,PHO,NA,NA,10
500,P.J. Washington,PF,24,73,32.6,5.9,13.4,0.444,2,5.9,0.348,3.9,7.5,0.518,0.52,1.7,2.4,0.73,1,3.9,4.9,2.4,0.9,1.1,1.5,2.6,15.7,30.1,CHO,NA,NA,10
501,TyTy Washington Jr.,PG,21,31,14,1.9,5.2,0.363,0.6,2.6,0.238,1.3,2.6,0.488,0.422,0.3,0.6,0.556,0.1,1.4,1.5,1.5,0.5,0.1,0.5,0.9,4.7,9.5,HOU,NA,NA,10
502,Yuta Watanabe,SF,28,58,16,2,4,0.491,1,2.3,0.444,0.9,1.7,0.557,0.621,0.6,0.8,0.723,0.5,1.9,2.4,0.8,0.4,0.3,0.4,1.4,5.6,12.4,BRK,NA,NA,10
503,Lindy Waters III,SG,25,41,13,1.7,4.3,0.393,1.4,4,0.358,0.3,0.4,0.75,0.556,0.4,0.5,0.8,0.4,1.4,1.8,0.7,0.3,0.3,0.2,1,5.2,10.8,OKC,NA,NA,10
504,Trendon Watford,PF,22,62,19.1,2.9,5.2,0.56,0.4,1,0.391,2.5,4.2,0.602,0.599,1.2,1.6,0.72,0.7,3.2,3.8,2.1,0.5,0.2,1.1,1.9,7.4,16.6,POR,NA,NA,10
505,Peyton Watson,SG,20,23,8.1,1.3,2.6,0.492,0.3,0.6,0.429,1,2,0.511,0.542,0.5,0.9,0.55,0.3,1.3,1.6,0.5,0.1,0.5,0.3,0.6,3.3,7.6,DEN,NA,NA,10
506,Blake Wesley,SG,19,37,18.1,1.9,5.8,0.321,0.5,1.4,0.385,1.3,4.4,0.301,0.367,0.7,1.2,0.591,0.3,1.9,2.2,2.7,0.7,0.1,1.8,1.8,5,10.2,SAS,NA,NA,10
507,Russell Westbrook,PG,34,73,29.1,5.9,13.6,0.436,1.2,3.9,0.311,4.7,9.7,0.487,0.481,2.8,4.3,0.656,1.2,4.6,5.8,7.5,1,0.5,3.5,2.2,15.9,33.6,LAC,NA,NA,10
508,Coby White,SG,22,74,23.4,3.6,8,0.443,1.7,4.6,0.372,1.8,3.4,0.54,0.551,0.8,0.9,0.871,0.2,2.6,2.9,2.8,0.7,0.1,1,1.6,9.7,20.2,CHI,NA,NA,10
509,Derrick White,SG,28,82,28.3,4.3,9.2,0.462,1.8,4.8,0.381,2.5,4.5,0.548,0.56,2,2.3,0.875,0.6,2.9,3.6,3.9,0.7,0.9,1.2,2.2,12.4,28.7,BOS,NA,NA,10
510,Jack White,SF,25,17,3.9,0.5,1.1,0.421,0.2,0.5,0.333,0.3,0.6,0.5,0.5,0.1,0.2,0.667,0.4,0.6,1,0.2,0.2,0.1,0.1,0.5,1.2,3.6,DEN,NA,NA,10
511,Joe Wieskamp,SF,23,9,5.6,0.3,1.6,0.214,0.3,1.3,0.25,0,0.2,0,0.321,0,0,0,0,0.4,0.4,0.3,0,0,0.1,0.3,1,1.1,TOR,NA,NA,10
512,Aaron Wiggins,SG,24,70,18.5,2.7,5.2,0.512,0.7,1.7,0.393,2,3.4,0.573,0.579,0.8,1,0.831,1,2,3,1.1,0.6,0.2,0.8,1.6,6.8,14.3,OKC,NA,NA,10
513,Andrew Wiggins,SF,27,37,32.2,6.8,14.3,0.473,2.4,6.1,0.396,4.4,8.2,0.53,0.557,1.2,1.9,0.611,1.6,3.4,5,2.3,1.2,0.8,1.3,2.9,17.1,33.1,GSW,78,NA,10
514,Lindell Wigginton,PG,24,7,12.4,2.6,5.3,0.486,0.9,2.6,0.333,1.7,2.7,0.632,0.568,1.1,1.3,0.889,0,1,1,2,0,0.3,1.7,1,7.1,10.5,MIL,NA,NA,10
515,Alondes Williams,SG,23,1,5,0,0,0,0,0,0,0,0,0,0,0,0,0,0,1,1,0,0,0,2,1,0,-3,BRK,NA,NA,10
516,Donovan Williams,SG,21,2,2,1,2.5,0.4,0,1,0,1,1.5,0.667,0.4,0,0,0,0,1,1,0,0,0,0,0,2,2.5,ATL,NA,NA,10
517,Grant Williams,PF,24,79,25.9,2.7,6,0.454,1.5,3.7,0.395,1.3,2.3,0.546,0.575,1.2,1.5,0.77,1.1,3.5,4.6,1.7,0.5,0.4,1,2.4,8.1,18.3,BOS,NA,NA,10
518,Jalen Williams,SG,21,75,30.3,5.5,10.6,0.521,1,2.7,0.356,4.5,7.9,0.579,0.567,2.1,2.5,0.812,1.1,3.4,4.5,3.3,1.4,0.5,1.6,2.5,14.1,30.6,OKC,NA,NA,10
519,Jaylin Williams,PF,20,49,18.7,2.1,4.8,0.436,0.9,2.3,0.407,1.1,2.5,0.463,0.534,0.8,1.1,0.704,0.9,4,4.9,1.6,0.6,0.2,0.8,2.3,5.9,15.6,OKC,NA,NA,10
520,Jeenathan Williams,SG,23,5,25.4,4.8,7.8,0.615,0.6,1.6,0.375,4.2,6.2,0.677,0.654,0.4,0.6,0.667,2,1,3,2,0.6,0.4,0.8,2.6,10.6,22.2,POR,NA,NA,10
521,Kenrich Williams,PF,28,53,22.8,3.4,6.5,0.517,0.9,2.5,0.373,2.4,4,0.608,0.59,0.3,0.7,0.436,1.8,3.1,4.9,2,0.8,0.3,0.6,2.1,8,20.9,OKC,NA,NA,10
522,Mark Williams,C,21,43,19.3,3.7,5.8,0.637,0,0,0,3.7,5.8,0.637,0.637,1.6,2.3,0.691,2.2,4.9,7.1,0.4,0.7,1,0.9,2.2,9,22.8,CHO,NA,NA,10
523,Patrick Williams,PF,21,82,28.3,3.8,8.3,0.464,1.4,3.4,0.415,2.4,4.9,0.498,0.549,1.1,1.3,0.857,1,3,4,1.2,0.9,0.9,1.2,1.8,10.2,21.9,CHI,NA,NA,10
524,Robert Williams,C,25,35,23.5,3.6,4.9,0.747,0,0,0,3.6,4.8,0.751,0.747,0.7,1.2,0.61,3,5.4,8.3,1.4,0.6,1.4,1,1.9,8,26.9,BOS,NA,NA,10
525,Vince Williams Jr.,SG,22,15,7,0.8,2.7,0.3,0.3,1.9,0.143,0.5,0.8,0.667,0.35,0.1,0.1,1,0.3,0.7,1,0.3,0.4,0.1,0.3,0.8,2,4.2,MEM,NA,NA,10
526,Ziaire Williams,SF,21,37,15.2,2.3,5.3,0.429,0.7,2.6,0.258,1.6,2.7,0.596,0.492,0.5,0.6,0.773,0.4,1.7,2.1,0.9,0.4,0.2,1,1.6,5.7,9.9,MEM,NA,NA,10
527,Zion Williamson,PF,22,29,33,9.8,16.2,0.608,0.2,0.7,0.368,9.6,15.5,0.618,0.615,6.1,8.6,0.714,2,5,7,4.6,1.1,0.6,3.4,2.2,26,43.3,NOP,NA,NA,10
528,Dylan Windler,SF,26,3,3.3,0.7,1,0.667,0.3,0.7,0.5,0.3,0.3,1,0.833,0,0,0,0,0,0,0.3,0.3,0,0.3,0,1.7,3.6,CLE,NA,NA,10
529,Justise Winslow,SF,26,29,26.8,2.8,6.8,0.409,0.5,1.6,0.311,2.3,5.3,0.438,0.444,0.7,1,0.714,1.7,3.3,5,3.4,1,0.4,1.5,3.1,6.8,20.2,POR,NA,NA,10
530,James Wiseman,C,21,45,19.3,4.2,7.5,0.558,0.1,0.4,0.2,4.1,7.1,0.58,0.563,1.5,2.2,0.701,1.6,4.3,5.9,0.7,0.2,0.6,1.1,2.4,10,18.6,DET,NA,NA,10
531,Christian Wood,C,27,67,25.9,5.9,11.5,0.515,1.6,4.2,0.376,4.3,7.3,0.594,0.583,3.2,4.2,0.772,1.3,6,7.3,1.8,0.4,1.1,1.8,2.5,16.6,30.8,DAL,NA,NA,10
532,Delon Wright,PG,30,50,24.4,2.8,5.8,0.474,0.8,2.4,0.345,1.9,3.4,0.564,0.545,1,1.2,0.867,1.2,2.4,3.6,3.9,1.8,0.3,0.9,1.2,7.4,25.8,WAS,NA,NA,10
533,McKinley Wright IV,PG,24,27,12.4,1.7,3.6,0.469,0.3,1,0.321,1.4,2.6,0.529,0.515,0.5,0.7,0.684,0.3,1.4,1.7,2.1,0.3,0.2,0.7,0.9,4.2,10.6,DAL,NA,NA,10
534,Gabe York,SG,29,3,18.7,2.7,7,0.381,2,6,0.333,0.7,1,0.667,0.524,0.7,0.7,1,0,2,2,1.7,0.7,0,0,1.7,8,16.6,IND,NA,NA,10
535,Thaddeus Young,PF,34,54,14.7,2,3.7,0.545,0.1,0.6,0.176,1.9,3,0.622,0.561,0.3,0.5,0.692,1.3,1.8,3.1,1.4,1,0.1,0.8,1.6,4.4,13.3,TOR,NA,NA,10
536,Trae Young,PG,24,73,34.8,8.2,19,0.429,2.1,6.3,0.335,6.1,12.7,0.476,0.485,7.8,8.8,0.886,0.8,2.2,3,10.2,1.1,0.1,4.1,1.4,26.2,44.7,ATL,NA,NA,10
537,Omer Yurtseven,C,24,9,9.2,1.8,3,0.593,0.3,0.8,0.429,1.4,2.2,0.65,0.648,0.6,0.7,0.833,0.9,1.7,2.6,0.2,0.2,0.2,0.4,1.8,4.4,9,MIA,NA,NA,10
538,Cody Zeller,C,30,15,14.5,2.5,3.9,0.627,0,0.1,0,2.5,3.8,0.649,0.627,1.6,2.3,0.686,1.7,2.6,4.3,0.7,0.2,0.3,0.9,2.2,6.5,12.8,MIA,NA,NA,10
539,Ivica Zubac,C,25,76,28.6,4.3,6.8,0.634,0,0,0,4.3,6.7,0.637,0.634,2.2,3.1,0.697,3.1,6.8,9.9,1,0.4,1.3,1.5,2.9,10.8,27.4,LAC,NA,NA,10
